Song,Key,Mode,Danceability,Energy,Valence,Tempo,H1,H2,H3,H4,H5,H6,H7,H8,H9,H10,H11,H12,T-Anger,T-Fear,T-Joy,T-Sadness,T-Analytical,T-Confident,T-Tentative,Mood
One Step Too Far by Faithless,4,0,0.644,0.852,0.629,111.987,1.0,0.983,0.364,0.326,0.3,0.317,0.315,0.302,0.271,0.229,0.209,0.454,0.0,0.0,0.0,0.570681,0.0,0.0,0.0,relaxed
Day One: Vigil by Ayreon,4,0,0.31,0.386,0.509,87.398,0.344,0.374,0.307,0.442,0.968,1.0,0.774,0.251,0.289,0.273,0.269,0.238,0.0,0.0,0.0,0.564595,0.0,0.0,0.908434,sad
Catch The Rainbow by Rainbow,4,0,0.32,0.412,0.282,132.986,0.949,1.0,0.498,0.537,0.498,0.523,0.507,0.482,0.413,0.246,0.116,0.217,0.0,0.0,0.828141,0.0,0.0,0.0,0.8400280000000001,sad
Greenville by Lucinda Williams,1,1,0.353,0.395,0.312,185.265,0.533,1.0,0.377,0.314,0.467,0.345,0.359,0.437,0.398,0.403,0.498,0.555,0.0,0.0,0.0,0.0,0.0,0.0,0.770435,sad
Heart And Shoulder by Heather Nova,7,1,0.517,0.681,0.323,114.966,1.0,0.856,0.419,0.275,0.257,0.264,0.203,0.114,0.171,0.263,0.252,0.528,0.0,0.0,0.0,0.790061,0.0,0.0,0.724637,relaxed
Long Stick Goes Boom by Krokus,2,1,0.442,0.744,0.244,128.002,1.0,1.0,1.0,1.0,1.0,1.0,1.0,1.0,1.0,1.0,1.0,1.0,0.0,0.0,0.0,0.0,0.0,0.522234,0.0,angry
Sweet Darlin' by She & Him,0,1,0.318,0.876,0.169,133.925,0.901,1.0,0.335,0.288,0.224,0.294,0.202,0.119,0.201,0.225,0.355,0.247,0.0,0.0,0.0,0.512496,0.0,0.0,0.781683,happy
Action by Powerman 5000,1,0,0.442,0.997,0.303,146.336,0.462,1.0,0.364,0.695,0.447,0.677,0.731,0.554,0.487,0.333,0.33,0.263,0.0,0.0,0.52937,0.0,0.0,0.0,0.9540799999999999,angry
All For Swinging You Around by The New Pornographers,6,1,0.401,0.909,0.797,177.948,0.414,0.233,0.175,0.183,0.157,0.196,0.286,0.268,0.118,0.087,0.194,1.0,0.0,0.0,0.0,0.5187390000000001,0.873713,0.0,0.0,happy
And I'm Evil by Beatallica,0,1,0.275,0.933,0.611,75.722,1.0,0.983,0.502,0.508,0.569,0.569,0.598,0.579,0.572,0.579,0.631,0.16,0.709518,0.0,0.0,0.0,0.0,0.0,0.733641,happy
Chi by Korn,1,0,0.697,0.808,0.54,95.841,0.079,0.049,0.035,0.026,0.02,0.027,0.041,0.265,1.0,0.894,0.393,0.145,0.0,0.0,0.0,0.743478,0.0,0.6245310000000001,0.0,angry
Neon Moon by Brooks & Dunn,9,1,0.702,0.632,0.457,102.404,0.702,0.691,0.671,0.767,0.929,0.707,0.67,0.775,0.963,0.962,1.0,0.991,0.0,0.0,0.0,0.730222,0.664447,0.73229,0.0,sad
A Dream About You by Keri Noble,10,0,0.633,0.193,0.115,73.982,0.211,0.059,0.082,0.07,0.092,0.227,0.15,0.041,0.037,0.236,1.0,0.919,0.0,0.0,0.0,0.749115,0.51064,0.0,0.71572,relaxed
Around The World by Aqua,6,1,0.698,0.969,0.964,129.953,0.978,1.0,0.31,0.289,0.224,0.303,0.232,0.26,0.265,0.297,0.274,0.314,0.0,0.0,0.7778930000000001,0.0,0.0,0.0,0.664175,happy
Evil Urges by My Morning Jacket,7,1,0.453,0.895,0.452,133.917,0.511,0.577,0.641,0.704,0.716,0.756,0.72,0.667,0.705,0.805,0.845,1.0,0.0,0.0,0.0,0.0,0.0,0.0,0.9479290000000001,happy
Nothing Much to Lose by My Bloody Valentine,2,1,0.282,0.95,0.0814,130.677,0.843,0.863,0.409,0.538,0.467,0.41,0.478,0.635,0.517,0.429,0.306,1.0,0.0,0.0,0.532833,0.0,0.0,0.0,0.0,sad
Chop Suey! by System of a Down,7,0,0.419,0.934,0.286,127.288,1.0,0.842,0.279,0.275,0.171,0.256,0.337,0.349,0.281,0.285,0.436,0.55,0.0,0.544894,0.0,0.698721,0.0,0.0,0.0,angry
The Freak Show by Antimatter,9,0,0.356,0.66,0.0742,107.791,1.0,0.989,0.625,0.599,0.576,0.575,0.563,0.55,0.54,0.518,0.512,0.284,0.0,0.0,0.671339,0.0,0.0,0.5597260000000001,0.0,sad
Omen Sore by ERA,9,1,0.376,0.638,0.234,80.028,0.3,0.412,0.542,0.607,0.849,0.659,0.437,0.255,0.332,1.0,0.385,0.17,0.0,0.571288,0.0,0.0,0.0,0.0,0.0,relaxed
When I Get Where I'm Going by Brad Paisley,0,1,0.52,0.379,0.208,85.934,0.58,0.743,0.634,0.524,0.799,0.952,1.0,0.975,0.672,0.686,0.414,0.129,0.0,0.0,0.671823,0.662054,0.0,0.0,0.51835,sad
Victory by Megadeth,10,0,0.422,0.973,0.297,168.051,0.988,1.0,0.413,0.369,0.336,0.365,0.368,0.35,0.319,0.265,0.233,0.51,0.0,0.0,0.0,0.535245,0.0,0.0,0.850625,angry
My Baby Does Me by Queen,1,1,0.786,0.415,0.712,90.954,0.669,1.0,0.769,0.741,0.386,0.401,0.44,0.407,0.178,0.169,0.44,0.139,0.0,0.0,0.8325940000000001,0.0,0.6815060000000001,0.0,0.0,happy
Morning Glory by Tim Buckley,8,1,0.358,0.285,0.38,83.858,1.0,0.896,0.724,0.567,0.546,0.496,0.412,0.351,0.362,0.42,0.487,0.568,0.0,0.8352,0.0,0.0,0.0,0.0,0.917243,sad
Black Light District by The Gathering,10,1,0.217,0.788,0.113,113.622,0.609,0.585,0.714,0.618,0.766,0.517,0.619,1.0,0.748,0.459,0.331,0.31,0.0,0.0,0.0,0.84885,0.0,0.0,0.0,sad
Can You Hear The Music by The Rolling Stones,5,1,0.322,0.69,0.492,73.279,0.605,0.779,0.765,0.751,0.717,0.703,0.995,1.0,0.947,0.962,0.52,0.528,0.0,0.0,0.754262,0.0,0.0,0.0,0.931982,sad
Reminiscing by Little River Band,7,1,0.54,0.465,0.341,94.731,0.404,0.347,0.339,1.0,0.523,0.575,0.303,0.252,0.199,0.264,0.595,0.386,0.0,0.0,0.5327529999999999,0.0,0.0,0.0,0.0,relaxed
Dead and Buried by Alien Sex Fiend,8,0,0.272,0.893,0.511,169.292,1.0,1.0,1.0,1.0,1.0,1.0,1.0,1.0,1.0,1.0,1.0,1.0,0.0,0.0,0.0,0.557401,0.0,0.0,0.0,angry
Sway by Voxtrot,4,0,0.456,0.277,0.165,137.128,0.493,0.391,0.665,0.522,0.477,0.633,0.602,0.468,0.434,0.553,1.0,0.528,0.0,0.0,0.0,0.81482,0.0,0.0,0.50589,sad
Homebird by Foy Vance,0,1,0.695,0.278,0.501,81.992,0.843,0.936,0.827,0.726,0.721,0.742,0.967,0.877,0.781,0.892,0.835,1.0,0.0,0.0,0.5347609999999999,0.0,0.0,0.0,0.658666,relaxed
Rain Song by COLD,7,0,0.518,0.858,0.301,101.987,0.803,0.986,0.824,0.718,0.88,1.0,0.941,0.786,0.771,0.786,0.775,0.746,0.0,0.0,0.0,0.624501,0.0,0.939867,0.0,sad
Cruel Summer by Bananarama,1,0,0.666,0.871,0.936,108.501,1.0,1.0,1.0,1.0,1.0,1.0,1.0,1.0,1.0,1.0,1.0,1.0,0.0,0.0,0.0,0.578234,0.0,0.0,0.658666,happy
Still in Love by Nick Cave and the Bad Seeds,0,1,0.408,0.305,0.0566,116.804,1.0,0.853,0.52,0.438,0.377,0.394,0.439,0.458,0.511,0.519,0.638,0.889,0.0,0.0,0.0,0.0,0.0,0.0,0.953578,sad
Papi by Jennifer Lopez,4,0,0.705,0.805,0.886,120.021,0.133,0.128,0.053,0.047,0.118,0.142,0.119,0.127,0.115,1.0,0.471,0.12,0.0,0.0,0.8556299999999999,0.0,0.701671,0.820205,0.0,happy
Anorak Christmas by Sally Shapiro,0,1,0.609,0.639,0.524,129.939,1.0,1.0,1.0,1.0,1.0,1.0,1.0,1.0,1.0,1.0,1.0,1.0,0.0,0.0,0.0,0.0,0.0,0.56543,0.0,relaxed
Fun Fun Fun by Busted,9,1,0.262,0.524,0.465,163.979,0.166,0.16,0.181,0.195,0.339,0.737,1.0,0.991,0.651,0.179,0.222,0.193,0.0,0.0,0.695394,0.0,0.0,0.0,0.761129,happy
Sex. Murder. Art. by Slayer,7,1,0.35,0.986,0.151,107.749,1.0,0.771,0.564,0.29,0.246,0.51,0.522,0.332,0.283,0.281,0.253,0.947,0.0,0.0,0.539229,0.0,0.0,0.0,0.0,angry
4 Words (To Choke Upon) by Bullet For My Valentine,8,1,0.369,0.95,0.33,92.555,0.472,0.374,0.254,0.229,0.515,0.607,0.934,0.848,1.0,0.991,0.77,0.131,0.0,0.0,0.0,0.5322939999999999,0.964507,0.502153,0.0,angry
Lovestain by José González,8,1,0.594,0.186,0.393,146.413,0.244,0.981,0.218,1.0,0.447,0.115,0.076,0.079,0.089,0.098,0.295,0.069,0.0,0.0,0.0,0.672659,0.0,0.0,0.0,relaxed
I Would Like To Call It Beauty by Corinne Bailey Rae,10,1,0.292,0.156,0.133,79.224,1.0,0.622,0.254,0.253,0.252,0.369,0.288,0.815,0.554,0.165,0.166,0.363,0.0,0.0,0.708109,0.0,0.0,0.0,0.0,relaxed
Meadow by Espers,11,0,0.403,0.358,0.156,117.045,0.859,0.894,0.973,0.463,0.599,1.0,0.39,0.564,0.472,0.635,0.484,0.32,0.0,0.0,0.0,0.0,0.53889,0.0,0.616216,relaxed
London Calling by The Clash,0,1,0.651,0.801,0.776,133.763,1.0,1.0,1.0,1.0,1.0,1.0,1.0,1.0,1.0,1.0,1.0,1.0,0.0,0.0,0.0,0.0,0.620534,0.0,0.0,angry
Orgasmatron by Motörhead,3,1,0.415,0.985,0.135,127.835,0.325,0.273,0.268,0.404,0.384,0.388,1.0,0.523,0.402,0.541,0.715,0.502,0.0,0.0,0.0,0.0,0.0,0.59538,0.0,angry
Back To Manhattan by Norah Jones,10,1,0.527,0.224,0.178,91.908,1.0,0.716,0.562,0.519,0.282,0.284,0.902,0.933,0.851,0.886,0.739,0.766,0.0,0.0,0.0,0.0,0.747663,0.0,0.539798,sad
If You Know Love by Molly Johnson,10,1,0.872,0.28,0.436,104.526,0.979,1.0,0.794,0.581,0.453,0.285,0.225,0.408,0.611,0.742,0.765,0.821,0.0,0.0,0.853508,0.0,0.7932560000000001,0.0,0.0,relaxed
Ophelia by The Tear Garden,1,1,0.569,0.81,0.254,109.235,0.306,0.274,0.332,0.221,0.338,0.388,0.316,0.296,0.236,0.277,1.0,0.906,0.0,0.0,0.709503,0.0,0.0,0.0,0.8988389999999999,sad
Letter To God by Hole,4,1,0.404,0.523,0.118,73.551,1.0,0.663,0.281,0.358,0.291,0.285,0.355,0.334,0.469,0.455,0.581,0.21,0.0,0.0,0.0,0.702786,0.0,0.0,0.0,sad
Washington Is Next! by Megadeth,4,0,0.299,0.982,0.43,198.017,0.181,0.241,0.281,0.294,1.0,0.204,0.118,0.146,0.111,0.203,0.2,0.245,0.586186,0.0,0.0,0.0,0.0,0.0,0.6192989999999999,angry
Flora's Secret by Enya,11,1,0.568,0.253,0.597,142.093,1.0,0.983,0.292,0.211,0.235,0.307,0.278,0.197,0.169,0.144,0.082,0.336,0.0,0.0,0.704321,0.0,0.0,0.0,0.0,relaxed
Sex Dwarf by Soft Cell,5,1,0.511,0.607,0.648,148.046,0.237,0.624,1.0,0.347,0.149,0.123,0.157,0.022,0.048,0.292,0.037,0.021,0.0,0.0,0.561492,0.0,0.0,0.0,0.0,happy
I Only Want To Be With You by Dusty Springfield,7,1,0.602,0.684,0.961,133.0,0.967,0.904,0.854,0.854,0.83,0.913,0.942,0.998,1.0,0.934,0.85,0.741,0.0,0.0,0.550773,0.0,0.0,0.0,0.60858,happy
Mea Culpa by Enigma,11,0,0.556,0.762,0.332,109.995,0.239,0.278,0.425,0.274,0.515,0.354,0.64,0.392,1.0,0.412,0.722,0.31,0.0,0.0,0.5665939999999999,0.0,0.0,0.0,0.0,relaxed
Sun (acoustic) by Mae,9,1,0.712,0.431,0.37,96.01,0.493,0.094,0.032,0.021,0.014,0.303,0.292,0.022,0.054,0.015,0.062,1.0,0.0,0.0,0.576126,0.554794,0.526692,0.0,0.921459,relaxed
Highway to Hell by AC/DC,6,0,0.574,0.913,0.423,115.728,0.924,0.69,0.477,0.459,0.683,1.0,0.906,0.701,0.589,0.457,0.39,0.328,0.587346,0.0,0.0,0.0,0.0,0.0,0.0,angry
I Still Get Jealous by Louis Armstrong,7,0,0.583,0.486,0.812,73.354,0.931,0.781,0.649,0.55,0.507,0.601,0.75,0.876,0.97,0.935,1.0,0.973,0.0,0.0,0.0,0.542437,0.61788,0.0,0.0,relaxed
Beauty And The Beast by Jump5,0,1,0.685,0.939,0.621,117.978,0.345,0.252,0.151,0.206,0.191,0.36,0.239,0.315,0.197,0.556,1.0,0.804,0.0,0.0,0.774696,0.0,0.0,0.0,0.50589,happy
Flowery Noontide by Espers,7,1,0.402,0.314,0.0384,115.32,0.4,0.715,0.907,0.697,0.551,1.0,0.648,0.352,0.394,0.284,0.385,0.335,0.6608729999999999,0.0,0.0,0.0,0.0,0.0,0.9783709999999999,relaxed
Elvis Presley and America by U2,8,1,0.472,0.79,0.531,91.435,0.527,0.313,0.474,0.183,0.162,0.295,0.297,0.12,0.25,0.281,0.93,1.0,0.0,0.0,0.630648,0.0,0.567613,0.0,0.555203,sad
Without You by Dixie Chicks,2,1,0.626,0.424,0.173,91.812,0.594,0.565,0.757,0.484,0.252,0.341,0.669,0.931,1.0,0.723,0.661,0.532,0.0,0.0,0.0,0.877994,0.0,0.0,0.0,sad
Take Your Mama by Scissor Sisters,8,1,0.757,0.957,0.933,153.944,0.029,0.022,0.037,0.027,0.074,0.67,0.12,0.058,0.224,0.571,1.0,0.108,0.0,0.0,0.669347,0.0,0.0,0.0,0.718259,happy
7 Minutes by Noir Désir,9,1,0.222,0.931,0.0696,141.19,1.0,0.889,0.24,0.282,0.185,0.139,0.12,0.186,0.104,0.088,0.09,0.239,0.0,0.0,0.56582,0.0,0.0,0.0,0.601046,angry
Fitter Happier by Radiohead,9,1,0.432,0.391,0.744,123.538,1.0,0.674,0.478,0.474,0.481,0.478,0.412,0.365,0.518,0.507,0.762,0.188,0.0,0.0,0.654734,0.0,0.7162,0.740925,0.0,sad
Fields Of Gray by Bruce Hornsby,7,1,0.662,0.61,0.587,108.008,0.119,0.094,0.056,0.088,0.181,0.083,0.134,0.155,0.493,1.0,0.493,0.634,0.0,0.0,0.0,0.7907569999999999,0.0,0.0,0.774175,relaxed
St. Robinson In His Cadillac Dream by Counting Crows,8,1,0.483,0.725,0.551,157.929,0.987,1.0,0.222,0.289,0.256,0.242,0.26,0.2,0.292,0.207,0.189,0.288,0.0,0.0,0.0,0.0,0.0,0.0,0.0,relaxed
Verne by Novembre,4,0,0.199,0.735,0.143,105.045,0.496,0.679,0.688,0.641,0.746,0.598,0.882,0.848,0.835,0.869,0.821,1.0,0.0,0.0,0.0,0.0,0.0,0.0,0.0,sad
Love and Destroy by Franz Ferdinand,9,0,0.505,0.903,0.792,146.086,0.07,0.051,0.074,0.063,0.045,0.435,0.184,0.159,0.15,0.181,1.0,0.158,0.0,0.0,0.0,0.7421840000000001,0.0,0.0,0.0,happy
Rinse by Vanessa Carlton,8,0,0.469,0.718,0.141,79.619,0.791,0.151,0.065,0.088,0.097,0.165,0.315,0.197,0.536,0.51,1.0,0.716,0.0,0.0,0.0,0.533144,0.759706,0.704539,0.0,sad
I Don't Wanna Die Anymore by New Radicals,10,1,0.419,0.507,0.237,142.582,1.0,1.0,1.0,1.0,1.0,1.0,1.0,1.0,1.0,1.0,1.0,1.0,0.0,0.0,0.0,0.778849,0.0,0.0,0.0,sad
Back Into Your System by Saliva,1,1,0.418,0.85,0.524,157.992,1.0,0.717,0.232,0.187,0.169,0.124,0.132,0.124,0.155,0.146,0.153,0.29,0.0,0.0,0.547669,0.0,0.0,0.8713209999999999,0.0,relaxed
End by Secondhand Serenade,9,1,0.31,0.325,0.042,167.843,0.29,0.489,0.584,0.428,1.0,0.288,0.226,0.393,0.143,0.138,0.289,0.365,0.0,0.0,0.0,0.0,0.0,0.0,0.0,sad
In The Mood by Robert Plant,7,1,0.613,0.712,0.258,101.636,0.396,0.598,0.865,0.911,0.938,0.894,0.856,1.0,0.677,0.544,0.555,0.494,0.0,0.0,0.7357600000000001,0.0,0.0,0.0,0.0,relaxed
Man Must Dance by Johnossi,11,0,0.67,0.449,0.581,87.493,0.97,1.0,0.988,0.916,0.886,0.906,0.88,0.832,0.807,0.718,0.699,0.674,0.0,0.0,0.6409590000000001,0.0,0.0,0.0,0.839232,happy
Cish Cash  by Basement Jaxx,1,1,0.526,0.964,0.236,153.924,1.0,0.979,0.706,0.693,0.675,0.669,0.655,0.648,0.634,0.627,0.613,0.409,0.0,0.0,0.0,0.0,0.0,0.8571989999999999,0.0,happy
Don't Turn Around by Ace of Base,4,0,0.745,0.771,0.752,95.623,0.931,1.0,0.531,0.441,0.438,0.427,0.347,0.435,0.481,0.435,0.432,0.54,0.0,0.0,0.0,0.710897,0.0,0.0,0.9121950000000001,happy
High School by Nerf Herder,7,1,0.542,0.935,0.232,135.005,0.967,1.0,0.141,0.127,0.204,0.25,0.391,0.348,0.535,0.531,0.693,0.106,0.5999760000000001,0.0,0.0,0.0,0.693298,0.0,0.642407,happy
Steamy Windows by Tina Turner,9,1,0.745,0.755,0.847,133.771,0.659,0.761,0.888,0.9,0.836,1.0,0.91,0.813,0.753,0.829,0.757,0.644,0.0,0.0,0.6151840000000001,0.0,0.6073069999999999,0.0,0.0,happy
Slowboat by Sparks,2,1,0.361,0.444,0.6,156.174,0.636,0.204,0.045,0.036,0.046,0.124,0.097,0.039,0.041,0.033,0.174,1.0,0.0,0.0,0.0,0.604781,0.0,0.0,0.8225110000000001,sad
A Modern Way Of Letting Go by Idlewild,8,1,0.282,0.987,0.377,189.859,0.96,1.0,0.953,0.86,0.874,0.873,0.789,0.721,0.737,0.705,0.621,0.559,0.0,0.0,0.0,0.0,0.935542,0.0,0.0,angry
My Funny Valentine by Anita Baker,10,0,0.342,0.215,0.19,138.087,0.968,0.659,0.53,0.54,0.51,0.986,1.0,0.379,0.329,0.51,0.621,0.707,0.0,0.0,0.94063,0.0,0.0,0.0,0.0,relaxed
Des Illusions by Dark Sanctuary,9,0,0.636,0.309,0.117,110.005,0.705,0.677,0.513,0.588,0.737,1.0,0.963,0.797,0.782,0.883,0.821,0.953,0.0,0.0,0.0,0.0,0.0,0.0,0.0,sad
Lightning by Eric Church,10,1,0.517,0.522,0.422,92.095,0.081,0.044,0.151,0.024,0.027,0.108,0.021,0.029,0.026,0.069,1.0,0.115,0.0,0.0,0.0,0.0,0.0,0.0,0.0,sad
Less Than a Pearl by Enya,6,0,0.255,0.346,0.0633,117.081,0.72,0.701,0.577,0.576,0.513,0.606,0.683,0.962,1.0,0.966,0.959,0.813,0.0,0.0,0.0,0.0,0.0,0.0,0.0,relaxed
Dolphins by Tim Buckley,10,1,0.409,0.487,0.612,116.89,0.031,0.025,0.082,0.018,0.032,0.191,0.036,0.016,0.025,0.023,1.0,0.139,0.0,0.0,0.0,0.0,0.919926,0.0,0.9244209999999999,sad
Paranoiattack by The Faint,4,1,0.795,0.733,0.737,132.038,1.0,0.973,0.702,0.36,0.201,0.119,0.096,0.08,0.083,0.087,0.065,0.774,0.0,0.557348,0.0,0.0,0.0,0.78945,0.0,happy
Countdown to Extinction by Megadeth,9,0,0.48,0.859,0.311,128.964,1.0,1.0,1.0,1.0,1.0,1.0,1.0,1.0,1.0,1.0,1.0,1.0,0.556063,0.0,0.0,0.0,0.568833,0.693873,0.0,angry
Keeping You by Tanya Donelly,7,1,0.61,0.545,0.369,144.443,1.0,0.978,0.589,0.556,0.531,0.533,0.53,0.533,0.533,0.512,0.5,0.243,0.0,0.0,0.0,0.648511,0.8821700000000001,0.0,0.0,relaxed
The Figurehead by The Cure,10,0,0.655,0.842,0.727,110.37,0.985,1.0,0.957,0.856,0.787,0.795,0.785,0.745,0.705,0.633,0.635,0.62,0.0,0.559874,0.0,0.0,0.0,0.0,0.0,sad
Mickey by Toni Basil,4,1,0.595,0.928,0.982,149.975,0.973,0.95,0.586,0.279,0.263,0.333,0.255,0.256,0.348,0.42,0.781,1.0,0.0,0.0,0.0,0.0,0.0,0.0,0.0,happy
"Cheer Up, Boys (Your Make Up Is Running) by Foo Fighters",9,1,0.466,0.965,0.574,141.59,0.816,1.0,0.604,0.517,0.399,0.399,0.19,0.279,0.408,0.276,0.192,0.384,0.0,0.0,0.0,0.5878680000000001,0.0,0.0,0.0,happy
Ghetto Vet by Ice Cube,2,1,0.627,0.781,0.51,178.65,0.093,0.144,0.085,0.033,0.009,0.012,0.237,1.0,0.385,0.013,0.01,0.028,0.6095550000000001,0.0,0.0,0.0,0.0,0.0,0.0,angry
Necrophiliac by Slayer,10,1,0.331,0.936,0.247,106.147,1.0,0.919,0.749,0.457,0.389,0.484,0.745,0.481,0.484,0.505,0.729,0.558,0.0,0.0,0.0,0.0,0.0,0.0,0.71572,angry
Sleepsong by Secret Garden,2,0,0.215,0.22,0.0394,86.438,0.912,1.0,0.769,0.675,0.662,0.573,0.725,0.646,0.678,0.696,0.928,0.656,0.0,0.0,0.826998,0.0,0.0,0.0,0.631794,relaxed
Prisoners of Today by Billy Talent,7,0,0.476,0.987,0.621,163.944,1.0,1.0,1.0,1.0,1.0,1.0,1.0,1.0,1.0,1.0,1.0,1.0,0.0,0.0,0.0,0.740879,0.0,0.0,0.677579,angry
Brand New Day by Sting,4,1,0.501,0.803,0.39,157.488,1.0,0.626,0.3,0.118,0.124,0.035,0.149,0.045,0.042,0.139,0.084,0.462,0.0,0.0,0.0,0.691096,0.0,0.0,0.0,happy
Psychopathy Red by Slayer,1,1,0.41,0.999,0.146,103.924,0.327,1.0,0.431,0.576,0.482,0.578,0.556,0.539,0.595,0.532,0.499,0.425,0.0,0.668358,0.0,0.0,0.0,0.794212,0.0,angry
You Belong To Me by Anita Baker,6,0,0.589,0.596,0.457,92.068,0.998,1.0,0.087,0.122,0.239,0.243,0.148,0.082,0.051,0.047,0.053,0.103,0.0,0.0,0.5294949999999999,0.0,0.0,0.9147139999999999,0.0,relaxed
Pocket by Sam Sparro,9,0,0.663,0.898,0.688,119.998,1.0,0.839,0.384,0.264,0.147,0.133,0.317,0.394,0.302,0.121,0.104,0.531,0.0,0.0,0.0,0.0,0.0,0.0,0.925484,happy
Le Ciel Dans Une Chambre by Carla Bruni,10,1,0.561,0.264,0.218,130.587,0.891,1.0,0.273,0.209,0.195,0.193,0.193,0.175,0.149,0.111,0.103,0.441,0.0,0.0,0.0,0.0,0.0,0.0,0.0,relaxed
Tone Poem by Fischerspooner,0,1,0.62,0.163,0.124,128.061,0.001,0.008,0.001,0.001,0.045,0.001,0.001,0.003,0.005,1.0,0.003,0.002,0.0,0.0,0.0,0.0,0.0,0.0,0.0,relaxed
Foxtrot Uniform Charlie Kilo by Bloodhound Gang,10,0,0.767,0.599,0.788,137.035,0.964,0.877,0.662,0.752,0.687,0.684,0.838,0.874,0.685,0.782,0.82,1.0,0.0,0.0,0.0,0.530165,0.0,0.0,0.0,happy
One Hundred Years by The Cure,7,1,0.436,0.881,0.262,132.59,1.0,1.0,1.0,1.0,1.0,1.0,1.0,1.0,1.0,1.0,1.0,1.0,0.0,0.655507,0.0,0.0,0.0,0.0,0.635753,sad
Gone With The Day by Faunts,9,1,0.153,0.115,0.0472,78.8,0.358,0.453,0.36,0.318,0.738,0.339,0.265,0.204,0.404,1.0,0.34,0.346,0.0,0.5971890000000001,0.0,0.525098,0.0,0.0,0.0,relaxed
Celebration by Kool & The Gang,1,1,0.885,0.664,0.906,121.632,1.0,1.0,0.926,0.803,0.746,0.774,0.754,0.717,0.689,0.585,0.538,0.528,0.0,0.0,0.6426109999999999,0.0,0.0,0.0,0.0,happy
Super-Charger Heaven by White Zombie,1,1,0.411,0.954,0.54,183.958,0.095,0.167,0.136,0.123,0.275,0.405,0.791,0.834,0.388,0.124,1.0,0.536,0.0,0.0,0.5604020000000001,0.0,0.0,0.0,0.684404,angry
Thank You For The Music by Abba,4,1,0.288,0.416,0.353,199.517,0.347,0.238,0.231,0.19,0.472,1.0,0.246,0.156,0.146,0.184,0.151,0.147,0.0,0.0,0.958815,0.0,0.0,0.57416,0.0,happy
Durch die Nacht by Silbermond,2,1,0.513,0.715,0.339,139.993,1.0,0.734,0.052,0.027,0.13,0.633,0.025,0.024,0.022,0.029,0.011,0.123,0.0,0.0,0.0,0.0,0.0,0.0,0.0,sad
The Visit (She Was Here) by The Cyrkle,7,1,0.696,0.133,0.653,116.456,0.015,0.039,0.008,0.009,0.02,0.195,1.0,0.145,0.026,0.039,0.03,0.021,0.0,0.0,0.548007,0.0,0.584719,0.0,0.833659,relaxed
Fury by Prince,5,1,0.584,0.887,0.76,130.636,0.538,1.0,0.701,0.358,0.372,0.314,0.346,0.461,0.641,0.436,0.285,0.27,0.0,0.0,0.0,0.0,0.0,0.0,0.776674,angry
Overjoyed by Magnet,7,0,0.506,0.422,0.316,137.955,0.22,0.117,1.0,0.131,0.093,0.137,0.202,0.132,0.046,0.115,0.085,0.084,0.0,0.0,0.0,0.0,0.650284,0.0,0.0,relaxed
A Place In The Dirt by Marilyn Manson,7,1,0.5,0.792,0.13,122.074,0.425,1.0,0.508,0.526,0.416,0.528,0.362,0.374,0.399,0.307,0.17,0.163,0.0,0.0,0.0,0.0,0.0,0.761642,0.0,sad
Skies So Blue by The Rocket Summer,9,1,0.442,0.87,0.583,159.055,1.0,0.894,0.307,0.311,0.297,0.296,0.269,0.206,0.145,0.086,0.063,0.272,0.0,0.0,0.707483,0.5595899999999999,0.0,0.0,0.730029,happy
The Fear by Pulp,9,0,0.155,0.807,0.334,176.647,0.627,0.807,1.0,0.88,0.581,0.476,0.501,0.415,0.505,0.619,0.512,0.484,0.0,0.8520549999999999,0.0,0.0,0.0,0.0,0.920133,sad
Gather Me Up Forever by My Dying Bride,1,1,0.177,0.803,0.138,79.18,0.861,0.973,1.0,0.916,0.808,0.744,0.638,0.515,0.42,0.311,0.251,0.253,0.0,0.0,0.0,0.788682,0.0,0.0,0.586281,sad
Let's Get Known by The Unicorns,11,1,0.543,0.555,0.487,100.211,0.546,0.435,0.52,0.484,0.294,0.41,0.484,0.302,0.59,0.531,0.743,1.0,0.0,0.0,0.0,0.0,0.903856,0.0,0.50589,happy
Take Me For A Little While by Coverdale/Page,9,0,0.181,0.563,0.175,137.752,0.542,1.0,0.859,0.871,0.584,0.581,0.448,0.442,0.561,0.516,0.541,0.474,0.0,0.0,0.597117,0.0,0.558477,0.0,0.0,sad
It's Not The Fall That Hurts by Caesars,6,0,0.391,0.938,0.665,146.334,0.74,0.868,0.92,0.705,0.962,0.714,0.828,0.843,0.778,0.724,0.875,1.0,0.0,0.0,0.0,0.6194850000000001,0.0,0.0,0.0,happy
Something Beautiful by Newsboys,0,1,0.608,0.84,0.893,128.011,0.193,1.0,0.346,0.114,0.096,0.112,0.104,0.097,0.11,0.11,0.106,0.062,0.0,0.0,0.65009,0.0,0.0,0.0,0.929579,happy
Pi by Hard 'n Phirm,7,1,0.848,0.375,0.296,89.986,0.032,0.226,0.04,0.101,0.1,0.066,0.029,0.044,0.21,1.0,0.235,0.049,0.0,0.0,0.0,0.0,0.0,0.828525,0.0,happy
A Doomed Lover by My Dying Bride,11,1,0.18,0.803,0.145,114.559,1.0,0.963,0.776,0.743,0.904,0.741,0.545,0.648,0.544,0.611,0.611,0.64,0.0,0.5327109999999999,0.0,0.661683,0.0,0.0,0.0,sad
Marie Cherie by Annie,7,1,0.505,0.867,0.336,128.005,0.44,0.499,0.589,0.533,0.715,0.761,1.0,0.945,0.929,0.929,0.649,0.423,0.0,0.0,0.0,0.0,0.6479189999999999,0.0,0.6370779999999999,sad
Sex im Hotel by Rosenstolz,0,1,0.967,0.697,0.672,128.928,0.863,0.935,0.601,0.67,0.609,0.643,0.772,0.996,1.0,0.938,0.906,0.858,0.0,0.0,0.0,0.0,0.0,0.0,0.0,happy
Let Love by Res,1,1,0.199,0.186,0.0328,71.286,1.0,0.528,0.162,0.066,0.024,0.029,0.054,0.234,0.046,0.033,0.074,0.364,0.0,0.0,0.648116,0.0,0.0,0.0,0.9009530000000001,relaxed
The Invisible Man by Marillion,5,1,0.332,0.412,0.124,145.79,0.105,0.208,0.257,0.224,0.296,0.476,0.698,1.0,0.708,0.365,0.373,0.29,0.0,0.0,0.0,0.0,0.0,0.0,0.0,sad
66 by Afghan Whigs,7,1,0.615,0.797,0.643,111.369,0.659,0.682,0.507,0.44,0.623,1.0,0.793,0.802,0.73,0.643,0.646,0.173,0.0,0.0,0.0,0.0,0.0,0.0,0.616216,happy
Shell by Susie Suh,7,0,0.667,0.398,0.337,80.001,1.0,0.769,0.207,0.107,0.1,0.17,0.252,0.294,0.325,0.343,0.418,0.591,0.0,0.0,0.0,0.674308,0.0,0.0,0.0,relaxed
Not the Same by Dinosaur Jr.,3,1,0.304,0.332,0.267,108.229,0.95,1.0,0.38,0.358,0.326,0.349,0.39,0.323,0.261,0.158,0.096,0.231,0.0,0.0,0.0,0.573852,0.0,0.0,0.776674,sad
I'm Gonna Getcha Good! by Shania Twain,1,1,0.723,0.789,0.946,124.013,0.203,0.163,0.05,0.453,0.373,0.08,0.097,0.046,0.769,1.0,0.255,0.021,0.0,0.0,0.7088979999999999,0.0,0.0,0.0,0.0,happy
Part-Time Lover by Stevie Wonder,10,0,0.662,0.624,0.961,174.513,1.0,1.0,1.0,1.0,1.0,1.0,1.0,1.0,1.0,1.0,1.0,1.0,0.0,0.0,0.666287,0.0,0.777594,0.0,0.71572,happy
Tahroja paperilla by Eppu Normaali,4,0,0.761,0.801,0.891,120.409,0.076,0.048,0.104,0.069,0.039,0.046,0.055,1.0,0.5,0.072,0.034,0.048,0.0,0.0,0.0,0.0,0.0,0.0,0.0,sad
Battery by Metallica,11,0,0.48,0.923,0.44,96.535,1.0,0.506,0.163,0.104,0.323,0.337,0.264,0.134,0.167,0.165,0.112,0.928,0.0,0.0,0.0,0.752273,0.596122,0.880065,0.0,angry
Son by Juana Molina,7,0,0.512,0.522,0.254,123.074,0.683,0.652,0.306,0.196,0.143,0.185,0.181,0.191,1.0,0.389,0.113,0.347,0.0,0.0,0.0,0.0,0.0,0.0,0.0,relaxed
Your Only Doll (Dora) by Laura Marling,8,1,0.328,0.177,0.353,150.873,0.932,0.365,0.333,0.363,0.486,0.349,0.811,0.815,0.737,0.741,1.0,0.899,0.524287,0.0,0.0,0.0,0.0,0.0,0.0,relaxed
Joy To The World by Three Dog Night,2,1,0.649,0.679,0.971,126.867,1.0,1.0,1.0,1.0,1.0,1.0,1.0,1.0,1.0,1.0,1.0,1.0,0.0,0.0,0.862022,0.0,0.0,0.802874,0.0,happy
I Just Wanna Love U (Give It 2 Me) by JAY-Z,4,0,0.8,0.922,0.801,98.631,0.214,0.305,0.143,0.213,1.0,0.238,0.062,0.095,0.138,0.137,0.061,0.283,0.0,0.0,0.559856,0.0,0.0,0.0,0.0,happy
To The Music by Colder,8,1,0.782,0.7,0.899,129.94,0.374,0.397,0.409,0.23,0.176,0.215,0.168,1.0,0.54,0.256,0.25,0.256,0.0,0.0,0.792212,0.0,0.0,0.0,0.616216,happy
English Girl by Eagles of Death Metal,0,1,0.743,0.893,0.639,129.977,0.689,0.991,0.711,1.0,0.618,0.486,0.328,0.235,0.228,0.381,0.245,0.408,0.0,0.0,0.0,0.0,0.0,0.0,0.8964120000000001,happy
Jump by Kris Kross,2,1,0.749,0.745,0.481,101.972,0.409,1.0,0.221,0.13,0.08,0.113,0.175,0.112,0.089,0.07,0.071,0.106,0.0,0.0,0.0,0.0,0.0,0.0,0.0,happy
Teen Angel by Mark Dinning,0,1,0.57,0.0636,0.282,101.517,0.952,0.441,0.423,0.422,0.396,0.387,1.0,0.998,0.883,0.883,0.876,0.831,0.0,0.0,0.566267,0.0,0.0,0.0,0.0,sad
Girls Just Want To Have Fun by Starfucker,6,1,0.757,0.701,0.739,120.005,0.812,0.929,0.763,0.705,0.726,0.674,0.807,0.869,0.808,1.0,0.803,0.961,0.0,0.0,0.6019359999999999,0.0,0.0,0.0,0.8113779999999999,happy
"Christmas At Ground Zero by ""Weird Al"" Yankovic",9,1,0.573,0.62,0.816,150.944,0.072,0.123,1.0,0.159,0.43,0.308,0.74,0.213,0.319,0.517,0.155,0.078,0.0,0.0,0.507771,0.0,0.0,0.0,0.0,happy
Johnny W. by Marius Müller-Westernhagen,0,1,0.515,0.148,0.651,150.544,0.188,0.276,0.392,0.422,0.261,0.305,0.284,1.0,0.588,0.197,0.148,0.179,0.0,0.0,0.0,0.0,0.0,0.0,0.0,sad
Demolishor by The Acacia Strain,8,1,0.248,0.997,0.068,122.489,0.188,0.19,0.282,0.798,1.0,0.532,0.298,0.383,0.118,0.263,0.268,0.164,0.0,0.0,0.0,0.0,0.0,0.0,0.949952,angry
Assimilate by Skinny Puppy,4,1,0.611,0.702,0.302,137.097,1.0,0.743,0.565,0.429,0.378,0.525,0.467,0.39,0.366,0.381,0.682,0.981,0.0,0.0,0.0,0.0,0.0,0.0,0.852741,angry
Me Ves Y Sufres by Hope of the States,1,0,0.237,0.386,0.1,148.46,0.123,0.28,0.292,0.876,0.37,1.0,0.267,0.886,0.371,0.208,0.435,0.335,0.544238,0.0,0.5332680000000001,0.623386,0.0,0.0,0.871674,sad
Nebel by Rammstein,2,1,0.628,0.428,0.196,102.104,0.953,1.0,0.744,0.724,0.847,0.813,0.881,0.885,0.84,0.841,0.692,0.056,0.0,0.0,0.0,0.0,0.0,0.0,0.0,sad
My Doorbell by The White Stripes,8,1,0.606,0.662,0.817,97.064,0.73,0.618,0.725,0.733,0.361,0.261,0.29,0.93,0.981,0.671,0.597,1.0,0.0,0.0,0.0,0.0,0.0,0.0,0.768569,happy
Down Payment Blues by AC/DC,4,1,0.491,0.685,0.193,129.271,0.504,0.635,0.538,0.525,0.865,0.819,1.0,0.999,0.903,0.92,0.575,0.053,0.0,0.0,0.0,0.0,0.574579,0.0,0.0,angry
Utopia by Goldfrapp,2,0,0.433,0.667,0.243,91.017,0.302,0.284,0.269,0.255,0.249,0.262,0.258,0.296,0.516,1.0,0.489,0.215,0.0,0.0,0.0,0.5645220000000001,0.6815060000000001,0.0,0.958239,relaxed
Your Emotions by Dead Kennedys,4,1,0.384,0.99,0.431,130.732,0.483,0.353,1.0,0.332,0.166,0.199,0.243,0.936,0.328,0.47,0.322,0.832,0.0,0.0,0.0,0.528381,0.61361,0.0,0.0,angry
Je Veux Te Voir (Club-Club Version) by Yelle,11,0,0.941,0.63,0.935,126.941,0.269,0.547,0.513,0.521,1.0,0.974,0.562,0.572,0.122,0.141,0.16,0.114,0.0,0.0,0.0,0.0,0.0,0.0,0.0,happy
Rip The Heart Out Of Me by Adema,10,1,0.524,0.98,0.396,104.084,0.066,0.093,0.313,0.04,0.025,0.413,0.051,0.018,0.022,0.151,1.0,0.089,0.585021,0.0,0.0,0.508278,0.0,0.0,0.692385,angry
When I Look In Your Eyes by The Romantics,8,1,0.479,0.902,0.768,155.526,1.0,0.987,0.714,0.695,0.681,0.681,0.671,0.664,0.658,0.643,0.637,0.457,0.0,0.0,0.6668970000000001,0.0,0.0,0.0,0.0,happy
Dead in Hollywood by Murderdolls,4,0,0.31,0.969,0.564,163.535,0.998,0.784,0.381,0.352,0.312,0.407,0.469,0.277,0.286,0.268,0.425,1.0,0.589337,0.0,0.0,0.0,0.0,0.6978439999999999,0.0,angry
Exploited Barmy Army by Exploited,9,0,0.681,0.533,0.524,94.376,0.579,0.419,1.0,0.99,0.632,0.829,0.467,0.522,0.373,0.464,0.484,0.437,0.0,0.0,0.0,0.0,0.0,0.0,0.0,angry
Somebody by Midge Ure,7,0,0.325,0.658,0.206,171.483,1.0,0.976,0.975,0.931,0.893,0.958,0.948,0.89,0.818,0.648,0.497,0.344,0.0,0.0,0.0,0.8436389999999999,0.765814,0.0,0.966403,sad
Remember Me by Qntal,5,0,0.206,0.502,0.0966,109.919,0.13,0.058,0.121,0.038,0.047,0.17,1.0,0.193,0.11,0.284,0.347,0.106,0.0,0.0,0.0,0.0,0.952933,0.0,0.0,sad
Gotta Serve Somebody by Bob Dylan,2,1,0.81,0.526,0.811,95.23,0.637,0.546,0.56,0.561,0.503,0.577,0.807,0.999,1.0,0.882,0.714,0.541,0.0,0.0,0.0,0.0,0.0,0.0,0.994017,relaxed
Nothing Going On by Clawfinger,9,1,0.532,0.984,0.688,142.919,1.0,0.994,0.483,0.552,0.372,0.308,0.341,0.381,0.429,0.628,0.895,0.927,0.0,0.0,0.816416,0.0,0.0,0.0,0.0,angry
Sweeter Love by Blue Six,11,0,0.898,0.494,0.926,125.997,1.0,0.595,0.237,0.246,0.197,0.38,0.528,0.345,0.68,0.695,0.985,0.14,0.0,0.0,0.9268139999999999,0.0,0.736354,0.0,0.8964120000000001,relaxed
Let It Flow by Spiritualized,7,1,0.202,0.192,0.203,113.296,0.966,1.0,0.301,0.234,0.199,0.189,0.158,0.113,0.083,0.054,0.021,0.341,0.0,0.0,0.0,0.0,0.720783,0.0,0.0,relaxed
You Burn First by Alexisonfire,8,1,0.46,0.823,0.147,121.968,0.089,0.155,0.333,1.0,0.165,0.238,0.159,0.481,0.133,0.179,0.355,0.076,0.614347,0.0,0.0,0.0,0.929739,0.0,0.797093,angry
Dirty Mack by Ice Cube,7,1,0.863,0.907,0.807,101.862,0.956,1.0,0.664,0.66,0.704,0.706,0.605,0.258,0.355,0.353,0.875,0.547,0.694448,0.0,0.0,0.0,0.0,0.0,0.647781,angry
Time for Livin' by Beastie Boys,11,0,0.283,0.923,0.569,106.266,0.486,1.0,0.67,0.671,0.411,0.374,0.414,0.406,0.182,0.252,0.455,0.334,0.0,0.0,0.0,0.0,0.0,0.680879,0.0,angry
"Sinister in a State of Hope by Loney, dear",11,1,0.471,0.45,0.0955,116.853,0.418,0.387,0.408,0.445,0.541,0.499,0.784,0.646,0.695,0.541,0.378,1.0,0.0,0.0,0.5804239999999999,0.0,0.612186,0.0,0.952443,relaxed
Squeeze Me by Kraak & Smaak,6,0,0.791,0.903,0.961,110.029,0.698,1.0,0.678,0.636,0.768,0.823,0.639,0.665,0.384,0.383,0.271,0.166,0.0,0.0,0.0,0.0,0.0,0.532529,0.0,happy
Kiss Off by Violent Femmes,4,0,0.661,0.662,0.825,87.119,1.0,0.935,0.163,0.141,0.125,0.117,0.104,0.103,0.108,0.091,0.082,0.216,0.0,0.608386,0.0,0.505243,0.0,0.0,0.0,angry
Shelter For My Soul by Bernard Fanning,0,1,0.41,0.0379,0.104,97.713,0.333,0.196,0.331,0.231,0.116,0.209,0.18,1.0,0.424,0.098,0.139,0.129,0.0,0.0,0.747794,0.0,0.0,0.79901,0.0,sad
Depression by Black Flag,1,1,0.147,0.958,0.0368,137.829,0.603,0.438,0.536,0.638,1.0,0.936,0.921,0.347,0.449,0.644,0.302,0.728,0.0,0.0,0.0,0.8543370000000001,0.0,0.571226,0.0,angry
Sweet Talkin' Woman by Electric Light Orchestra,0,1,0.609,0.611,0.916,121.836,0.961,1.0,0.631,0.702,0.719,0.696,0.755,0.458,0.56,0.512,0.53,0.492,0.0,0.0,0.0,0.506302,0.0,0.0,0.71572,happy
Nasty Girl by Vanity 6,5,1,0.904,0.429,0.857,118.037,0.662,0.711,0.6,0.416,0.522,1.0,0.612,0.544,0.602,0.514,0.588,0.639,0.0,0.0,0.0,0.0,0.0,0.0,0.597317,happy
Swim by In Flames,0,0,0.314,0.895,0.561,166.125,0.833,0.673,0.779,0.605,0.583,0.578,0.624,0.725,0.686,0.713,0.747,1.0,0.0,0.0,0.628462,0.0,0.870108,0.0,0.0,happy
Constellations by Jack Johnson,1,1,0.705,0.309,0.426,122.039,1.0,0.986,0.585,0.556,0.575,0.558,0.563,0.556,0.543,0.546,0.516,0.147,0.0,0.0,0.808116,0.0,0.0,0.0,0.9368989999999999,relaxed
Bright by Low,7,1,0.719,0.775,0.458,140.069,0.312,0.224,0.257,0.584,0.457,1.0,0.217,0.153,0.23,0.51,0.132,0.145,0.0,0.0,0.0,0.0,0.0,0.0,0.0,sad
Baby by Stephen Lynch,9,1,0.347,0.552,0.387,180.755,0.401,0.556,0.737,0.511,0.819,0.54,0.442,0.621,1.0,0.901,0.515,0.335,0.0,0.0,0.581735,0.0,0.0,0.0,0.553381,happy
Hey Dude by Beatallica,2,1,0.316,0.754,0.409,148.564,1.0,0.316,0.281,0.278,0.12,0.119,0.911,0.908,0.908,0.913,0.914,0.847,0.0,0.0,0.592201,0.0,0.0,0.0,0.0,happy
Palestina by Ministry,0,1,0.478,0.977,0.457,94.987,0.538,0.807,0.765,0.409,0.302,0.21,0.367,0.187,0.203,1.0,0.419,0.284,0.0,0.0,0.640881,0.0,0.0,0.890603,0.0,angry
You'd Be Surprised by Marilyn Monroe,10,1,0.623,0.159,0.499,98.939,0.801,0.972,0.877,0.944,0.93,1.0,0.961,0.897,0.808,0.583,0.429,0.73,0.0,0.0,0.0,0.0,0.0,0.0,0.0,happy
"No Mirror, No Shadow by New Model Army",2,1,0.385,0.743,0.468,110.157,0.134,0.563,0.158,0.206,1.0,0.248,0.098,0.131,0.232,0.978,0.132,0.069,0.0,0.0,0.0,0.79242,0.0,0.0,0.835624,sad
Sly by The Cat Empire,9,1,0.558,0.673,0.826,169.07,0.241,0.204,0.214,0.183,0.269,1.0,0.143,0.121,0.124,0.132,0.132,0.134,0.0,0.0,0.756077,0.0,0.0,0.0,0.878549,happy
The Living Sea by Monkey,7,1,0.41,0.38,0.12,82.04,0.632,0.641,0.293,0.372,0.608,1.0,0.99,0.542,0.988,0.773,0.788,0.563,0.0,0.0,0.0,0.0,0.0,0.0,0.0,relaxed
I'd Rather by Luther Vandross,0,1,0.705,0.467,0.522,119.938,1.0,0.996,0.6,0.582,0.572,0.594,0.559,0.583,0.542,0.545,0.559,0.27,0.0,0.0,0.0,0.0,0.523981,0.0,0.8884110000000001,relaxed
O Pomar Das Laranjeiras by Madredeus,4,0,0.249,0.0137,0.203,178.396,0.722,1.0,0.266,0.227,0.241,0.272,0.282,0.595,0.356,0.205,0.173,0.418,0.0,0.0,0.0,0.0,0.0,0.0,0.0,sad
I Want Your Sex by George Michael,10,0,0.812,0.6,0.8,99.189,0.695,0.116,0.093,0.024,0.017,0.239,0.097,0.013,0.045,0.02,0.438,1.0,0.0,0.0,0.0,0.0,0.0,0.0,0.762676,happy
Pussy Liquor by Rob Zombie,10,1,0.54,0.923,0.531,112.936,0.956,0.573,0.312,0.398,0.387,1.0,0.354,0.399,0.366,0.288,0.37,0.417,0.837899,0.0,0.0,0.0,0.0,0.0,0.0,angry
12 by Katatonia,6,1,0.134,0.674,0.162,69.289,1.0,0.887,0.115,0.103,0.079,0.06,0.054,0.061,0.062,0.047,0.037,0.141,0.0,0.0,0.0,0.528958,0.0,0.0,0.0,sad
Swinging On A Star by Bing Crosby,0,1,0.706,0.167,0.724,139.763,0.007,0.004,0.004,0.06,0.473,1.0,0.233,0.007,0.002,0.001,0.001,0.001,0.6245310000000001,0.0,0.0,0.0,0.0,0.0,0.944534,happy
Get Back by Ludacris,1,1,0.555,0.639,0.184,171.609,0.924,0.505,0.189,0.17,0.256,0.457,0.53,0.48,0.915,0.945,1.0,0.166,0.709843,0.0,0.0,0.0,0.0,0.0,0.687534,angry
Ifwhiteamericatoldthetruthforonedayit'sworldwouldfallapart by Manic Street Preachers,4,0,0.348,0.808,0.469,147.998,0.553,1.0,0.48,0.726,0.564,0.383,0.451,0.541,0.395,0.319,0.474,0.314,0.0,0.0,0.7817430000000001,0.0,0.0,0.0,0.0,angry
If You're Gonna Leave by Emerson Hart,1,1,0.448,0.519,0.355,154.22,0.962,1.0,0.792,0.796,0.793,0.794,0.839,0.838,0.797,0.785,0.777,0.445,0.651943,0.0,0.0,0.0,0.0,0.0,0.950454,sad
Architecture of Aggression by Megadeth,11,0,0.537,0.97,0.502,95.337,0.114,0.176,0.166,0.11,0.093,0.129,1.0,0.098,0.114,0.127,0.179,0.631,0.0,0.0,0.0,0.56911,0.0,0.670747,0.0,angry
Heart of Glass by Blondie,4,1,0.694,0.577,0.845,114.478,0.89,0.546,0.381,0.275,0.262,0.34,0.338,0.281,0.432,0.822,1.0,0.961,0.0,0.0,0.0,0.0,0.0,0.0,0.8272879999999999,happy
Impossible by The Clientele,4,1,0.439,0.707,0.563,108.905,1.0,0.639,0.081,0.067,0.045,0.02,0.009,0.029,0.036,0.034,0.031,0.12,0.0,0.0,0.0,0.5745060000000001,0.5705979999999999,0.939384,0.0,relaxed
Love Is All by The Tallest Man on Earth,2,1,0.624,0.252,0.367,107.0,0.171,0.011,0.006,0.009,0.008,0.028,0.054,0.015,0.022,0.045,0.257,1.0,0.0,0.0,0.0,0.0,0.0,0.0,0.0,sad
Silence Is Golden by Garbage,11,0,0.386,0.879,0.39,108.06,1.0,0.94,0.578,0.59,0.597,0.63,0.598,0.586,0.564,0.539,0.483,0.094,0.0,0.617185,0.0,0.0,0.876898,0.0,0.830009,angry
And It Stoned Me by Van Morrison,7,1,0.593,0.468,0.597,75.798,1.0,0.955,0.386,0.37,0.338,0.368,0.345,0.296,0.243,0.151,0.101,0.296,0.0,0.0,0.0,0.0,0.0,0.0,0.903094,relaxed
I'm On My Way by The Proclaimers,8,1,0.824,0.634,0.743,118.922,0.855,0.572,0.509,0.492,0.359,0.364,0.957,1.0,0.605,0.585,0.058,0.026,0.0,0.0,0.516311,0.0,0.0,0.0,0.527933,happy
My Gun Go Off by 50 Cent,7,1,0.632,0.76,0.275,84.838,0.385,0.213,0.121,0.152,0.183,0.184,0.162,0.346,1.0,0.982,0.358,0.189,0.0,0.0,0.0,0.0,0.0,0.0,0.777243,angry
Mamacita by Collie Buddz,4,0,0.593,0.84,0.775,103.384,0.039,0.05,0.111,0.251,1.0,0.121,0.04,0.152,0.049,0.038,0.054,0.264,0.0,0.0,0.8601559999999999,0.0,0.0,0.5098020000000001,0.0,happy
Coming Home by Avenged Sevenfold,1,0,0.378,0.975,0.457,178.008,0.978,0.927,0.735,0.734,0.99,0.615,0.743,0.87,1.0,0.785,0.72,0.957,0.0,0.0,0.0,0.0,0.706763,0.8400770000000001,0.0,angry
How Does It Feel by Avril Lavigne,0,1,0.646,0.583,0.339,118.055,0.867,0.826,0.8,0.875,0.91,0.895,0.879,1.0,0.879,0.892,0.928,0.936,0.0,0.5907640000000001,0.0,0.563847,0.0,0.0,0.906451,sad
Never Went to Church by The Streets,4,0,0.674,0.523,0.404,72.79,1.0,1.0,1.0,1.0,1.0,1.0,1.0,1.0,1.0,1.0,1.0,1.0,0.0,0.7137789999999999,0.0,0.0,0.0,0.0,0.8748049999999999,sad
Chuckie by Geto Boys,1,0,0.745,0.412,0.51,169.956,0.153,0.089,0.148,0.331,0.287,0.544,0.53,0.137,0.14,0.184,0.876,1.0,0.535248,0.0,0.0,0.503814,0.0,0.0,0.709824,angry
September by David Sylvian,6,0,0.462,0.067,0.271,36.959,0.689,0.671,0.681,0.591,0.471,0.521,0.651,0.95,1.0,0.675,0.567,0.553,0.0,0.0,0.921137,0.0,0.0,0.0,0.0,relaxed
The Tide Began To Rise by Demon Hunter,2,0,0.505,0.667,0.152,137.977,0.946,0.761,0.674,0.722,0.831,1.0,0.822,0.676,0.665,0.711,0.726,0.906,0.0,0.0,0.0,0.555579,0.0,0.0,0.0,sad
Better Left Unsaid by Lily Holbrook,1,0,0.555,0.57,0.142,132.027,0.517,0.99,1.0,0.969,0.917,0.912,0.342,0.337,0.365,0.354,0.137,0.157,0.0,0.0,0.0,0.554562,0.858201,0.0,0.914329,sad
Illusion by Creed,5,1,0.395,0.711,0.353,88.769,0.136,0.012,0.01,0.033,0.011,0.014,0.278,0.049,0.022,0.027,0.036,1.0,0.0,0.0,0.0,0.596446,0.0,0.0,0.982669,angry
Matkustaja by Egotrippi,9,1,0.488,0.615,0.686,130.05,0.142,1.0,0.119,0.172,0.245,0.204,0.787,0.218,0.294,0.109,0.295,0.217,0.0,0.0,0.0,0.0,0.0,0.0,0.0,sad
Don't Give Up by The Whitest Boy Alive,7,1,0.461,0.639,0.466,113.945,0.13,0.17,0.229,0.437,1.0,0.509,0.254,0.175,0.148,0.105,0.104,0.127,0.0,0.0,0.0,0.0,0.625997,0.537798,0.0,relaxed
By the Pain I See in Others by Opeth,2,1,0.3,0.555,0.0784,97.3,0.865,0.638,1.0,0.562,0.498,0.531,0.64,0.625,0.386,0.736,0.491,0.794,0.0,0.0,0.0,0.501566,0.0,0.0,0.0,sad
Better Than This by Salt The Wound,10,0,0.515,0.86,0.449,128.151,0.068,0.095,0.129,0.04,0.042,0.134,0.058,0.06,0.081,0.096,1.0,0.107,0.0,0.0,0.0,0.633947,0.0,0.915914,0.0,angry
Aces High by Iron Maiden,2,1,0.3,0.936,0.756,133.065,0.82,1.0,0.312,0.387,0.343,0.355,0.35,0.334,0.565,0.522,0.381,0.336,0.5290159999999999,0.0,0.0,0.0,0.0,0.648781,0.0,angry
The Prettiest Thing by Norah Jones,0,1,0.625,0.266,0.303,136.11,0.967,1.0,0.277,0.326,0.357,0.508,0.589,0.598,0.548,0.39,0.299,0.318,0.0,0.0,0.0,0.0,0.0,0.0,0.930321,relaxed
Written by Lamb,6,1,0.278,0.226,0.0792,88.622,0.022,0.019,0.035,1.0,0.038,0.039,0.015,0.094,0.022,0.021,0.316,0.023,0.0,0.0,0.679344,0.0,0.0,0.0,0.887842,relaxed
Rockstar by Nickleback,0,1,0.616,0.91,0.693,144.073,1.0,0.455,0.206,0.183,0.172,0.148,0.36,0.276,0.373,0.333,0.804,0.699,0.0,0.0,0.0,0.0,0.0,0.0,0.0,angry
Megalodon by Mastodon,2,1,0.268,0.982,0.366,131.2,0.979,0.517,0.49,0.492,0.255,0.271,0.809,0.788,0.853,0.838,1.0,0.842,0.0,0.0,0.0,0.0,0.0,0.0,0.71572,angry
No One Else by Natalie Walker,9,0,0.604,0.342,0.0795,99.947,1.0,0.926,0.103,0.098,0.071,0.088,0.258,0.248,0.473,0.46,0.681,0.068,0.0,0.0,0.814276,0.0,0.0,0.895883,0.0,relaxed
Country Love Song by Stephen Lynch,2,1,0.538,0.497,0.686,101.005,0.644,0.311,0.282,0.359,0.527,1.0,0.956,0.658,0.799,0.983,0.894,0.751,0.0,0.0,0.78108,0.0,0.0,0.0,0.698612,happy
Bright Red Star by Stereophonics,7,1,0.504,0.287,0.0778,122.657,0.542,1.0,0.379,0.183,0.162,0.342,0.223,0.15,0.144,0.077,0.103,0.191,0.0,0.0,0.811109,0.0,0.8798229999999999,0.0,0.841619,sad
Can Can by Bad Manners,11,1,0.734,0.76,0.913,157.173,0.388,0.205,0.115,0.272,0.2,0.129,0.363,0.182,0.096,0.168,0.18,1.0,0.0,0.0,0.577511,0.0,0.0,0.0,0.0,happy
Young by Hollywood Undead,0,0,0.522,0.931,0.367,134.103,0.948,1.0,0.659,0.61,0.65,0.644,0.607,0.498,0.548,0.454,0.474,0.717,0.0,0.0,0.0,0.720316,0.0,0.890804,0.0,angry
The Magnificent Tree by Hooverphonic,11,0,0.547,0.688,0.225,113.713,0.602,1.0,0.871,0.576,0.31,0.293,0.144,0.164,0.122,0.196,0.246,0.363,0.0,0.0,0.0,0.0,0.0,0.88533,0.0,relaxed
Quiet Place by Working for a Nuclear Free City,8,1,0.457,0.72,0.291,109.403,0.125,0.035,0.096,0.157,0.051,0.358,0.089,0.066,0.192,0.07,1.0,0.095,0.0,0.0,0.6782630000000001,0.0,0.0,0.0,0.0,relaxed
Invisible by Alison Moyet,2,1,0.652,0.605,0.72,96.808,0.733,0.774,0.685,0.359,0.305,0.298,0.497,1.0,0.867,0.381,0.28,0.432,0.0,0.0,0.0,0.5404720000000001,0.655196,0.0,0.911392,sad
We Made You by Eminem,2,1,0.924,0.853,0.67,114.003,0.586,0.376,0.423,0.199,0.581,0.354,0.891,0.647,0.821,1.0,0.414,0.334,0.0,0.683257,0.55481,0.685004,0.0,0.0,0.0,happy
I Hate The Way by Polly Scattergood,3,0,0.396,0.533,0.211,107.053,1.0,1.0,1.0,1.0,1.0,1.0,1.0,1.0,1.0,1.0,1.0,1.0,0.513942,0.0,0.579304,0.622238,0.0,0.0,0.82981,sad
Wherever You Are by Ulrich Schnauss,7,0,0.545,0.748,0.275,146.348,0.81,1.0,0.89,0.733,0.655,0.613,0.66,0.785,0.833,0.754,0.752,0.813,0.0,0.0,0.0,0.770975,0.0,0.0,0.0,relaxed
We Will All Go Together When We Go by Tom Lehrer,0,1,0.626,0.325,0.641,119.965,0.665,0.477,0.373,0.211,0.362,0.27,0.224,0.167,0.251,0.222,0.624,1.0,0.0,0.0,0.0,0.7619020000000001,0.857009,0.535153,0.0,happy
The World Needs a Hero by Megadeth,4,0,0.507,0.928,0.253,107.424,0.859,1.0,0.546,0.41,0.611,0.98,0.608,0.723,0.542,0.76,0.431,0.586,0.52122,0.0,0.0,0.0,0.0,0.0,0.8864549999999999,angry
Life Is A Pigsty by Morrissey,10,0,0.541,0.82,0.146,120.003,0.194,0.196,0.219,0.095,0.072,0.053,0.045,0.111,0.101,0.075,0.668,1.0,0.0,0.0,0.561232,0.0,0.0,0.638212,0.0,sad
Agitated by Muse,2,1,0.14,0.923,0.326,171.445,1.0,1.0,1.0,1.0,1.0,1.0,1.0,1.0,1.0,1.0,1.0,1.0,0.0,0.0,0.0,0.0,0.0,0.880065,0.0,angry
Fields Of Gold by Fourplay,11,0,0.766,0.473,0.424,103.989,1.0,0.95,0.889,0.772,0.637,0.618,0.589,0.522,0.449,0.328,0.279,0.211,0.0,0.0,0.665373,0.0,0.0,0.0,0.0,relaxed
Summer Nights by Rascal Flatts,2,1,0.541,0.895,0.657,102.078,0.518,0.255,0.228,0.196,0.224,0.989,0.58,0.361,0.472,0.837,1.0,0.82,0.0,0.0,0.8336629999999999,0.0,0.0,0.545859,0.0,happy
Adios Ayer by José Padilla,0,1,0.612,0.55,0.371,94.971,0.148,0.362,1.0,0.197,0.066,0.04,0.034,0.089,0.036,0.189,0.023,0.051,0.0,0.0,0.640213,0.0,0.0,0.0,0.770435,relaxed
The Breeze by Dr. Dog,9,1,0.611,0.538,0.319,90.124,0.547,0.353,0.429,0.37,0.358,0.834,0.625,0.248,0.324,0.413,0.891,1.0,0.0,0.0,0.0,0.0,0.0,0.65696,0.0,relaxed
Bees & butterflies by Girls In Hawaii,10,0,0.322,0.947,0.506,134.272,0.722,0.712,0.868,0.692,0.645,0.815,0.705,0.805,0.789,0.823,1.0,0.82,0.0,0.622199,0.0,0.0,0.0,0.950217,0.0,relaxed
Dirge Inferno by Cradle of Filth,7,1,0.505,0.993,0.349,100.06,0.465,0.758,0.786,0.783,1.0,0.854,0.507,0.538,0.306,0.321,0.141,0.131,0.0,0.0,0.0,0.558041,0.0,0.0,0.0,angry
Big Big Love (Fig. 2) by Foals,2,1,0.352,0.924,0.387,127.978,0.793,0.783,1.0,0.51,0.32,0.27,0.331,0.376,0.365,0.346,0.227,0.29,0.0,0.0,0.784464,0.0,0.0,0.598512,0.0,relaxed
Welcome Home (Sanitarium) by Metallica,0,1,0.309,0.767,0.413,97.944,0.645,1.0,0.283,0.196,0.172,0.149,0.101,0.113,0.13,0.105,0.068,0.341,0.0,0.0,0.0,0.0,0.0,0.0,0.0,sad
Little Bird by Imogen Heap,3,1,0.59,0.153,0.425,148.048,0.754,0.742,0.662,0.79,0.747,0.891,1.0,0.797,0.786,0.766,0.718,0.769,0.0,0.0,0.0,0.552725,0.0,0.0,0.881813,relaxed
Do You Know How It Feels by The Flying Burrito Brothers,2,1,0.411,0.364,0.715,109.857,0.774,0.52,0.525,0.598,0.678,0.741,0.792,0.888,0.984,0.993,1.0,0.888,0.0,0.0,0.6112850000000001,0.0,0.6437579999999999,0.0,0.920133,sad
Easier by Grizzly Bear,2,0,0.519,0.424,0.325,87.967,0.215,0.14,0.146,0.069,0.036,0.039,0.048,0.09,0.045,0.094,0.903,1.0,0.0,0.0,0.0,0.0,0.966696,0.0,0.0,relaxed
Sinners Like Me by Eric Church,1,1,0.458,0.538,0.521,139.987,0.653,0.422,0.431,0.404,1.0,0.993,0.842,0.839,0.114,0.125,0.204,0.116,0.0,0.0,0.0,0.621927,0.0,0.0,0.688854,relaxed
Roll On Down The Highway by Bachman-Turner Overdrive,7,1,0.475,0.823,0.881,138.981,0.984,1.0,0.274,0.199,0.253,0.21,0.205,0.189,0.144,0.17,0.198,0.362,0.0,0.0,0.0,0.0,0.0,0.0,0.0,happy
Gimme All Your Lovin' by ZZ Top,5,1,0.63,0.788,0.63,120.059,1.0,0.846,0.134,0.125,0.197,0.313,0.333,0.323,0.263,0.203,0.219,0.298,0.0,0.0,0.766131,0.0,0.0,0.938707,0.0,happy
War? by System of a Down,8,1,0.365,0.939,0.527,98.646,1.0,0.96,0.593,0.581,0.681,0.757,0.775,0.686,0.586,0.578,0.505,0.218,0.0,0.0,0.0,0.0,0.0,0.0,0.0,angry
Feuer Frei! by Nachtmahr,0,1,0.61,0.983,0.484,130.01,0.992,1.0,0.683,0.654,0.656,0.67,0.66,0.626,0.622,0.604,0.6,0.44,0.0,0.0,0.0,0.0,0.551743,0.0,0.0,angry
Bali Ha'i by Stacey Kent,6,0,0.337,0.11,0.132,175.981,0.476,1.0,0.504,0.335,0.539,0.497,0.45,0.622,0.332,0.218,0.14,0.25,0.0,0.0,0.697809,0.0,0.0,0.0,0.947419,relaxed
You Belong With Me by Taylor Swift,6,1,0.687,0.783,0.443,129.964,1.0,0.862,0.63,0.35,0.226,0.339,0.565,0.536,0.532,0.282,0.347,0.96,0.0,0.0,0.0,0.0,0.0,0.0,0.733641,happy
Like my very own blood by Tiger Lou,1,1,0.53,0.938,0.245,151.06,0.733,0.871,0.901,0.782,0.652,0.769,0.734,0.795,0.799,0.811,1.0,0.88,0.0,0.0,0.7247239999999999,0.0,0.0,0.792621,0.0,sad
Spiritual Law by Slayer,6,1,0.224,0.991,0.127,142.076,0.762,0.598,0.448,0.725,0.731,1.0,0.757,0.739,0.583,0.591,0.487,0.856,0.0,0.0,0.0,0.0,0.0,0.750888,0.0,angry
Stupid Girl by COLD,0,1,0.43,0.868,0.164,138.807,0.293,0.062,0.168,0.113,0.043,0.364,0.377,0.058,0.061,0.055,0.166,1.0,0.7175,0.0,0.0,0.0,0.0,0.0,0.0,angry
Torn Blue Foam Couch by Grand Archives,11,1,0.317,0.815,0.373,128.271,0.897,0.833,0.707,0.695,0.683,1.0,0.705,0.72,0.775,0.882,0.873,0.814,0.0,0.552873,0.0,0.0,0.0,0.937689,0.0,relaxed
Turu Tu Tu... by Ania,4,0,0.575,0.512,0.374,139.945,0.331,0.193,0.105,0.104,0.486,0.488,0.983,1.0,0.825,0.849,0.265,0.088,0.0,0.0,0.0,0.0,0.0,0.0,0.0,sad
"New York, New York by Reel Big Fish",2,1,0.493,0.443,0.41,107.645,0.852,1.0,0.57,0.451,0.369,0.379,0.371,0.393,0.483,0.498,0.455,0.498,0.0,0.0,0.0,0.521604,0.0,0.739476,0.0,happy
Hot Girls In Love by Loverboy,9,1,0.495,0.772,0.56,153.743,0.138,0.148,0.175,0.473,0.808,1.0,0.622,0.212,0.147,0.122,0.218,0.117,0.0,0.0,0.829406,0.0,0.0,0.548588,0.0,happy
The Wandering by The Foreshadowing,4,0,0.435,0.563,0.0526,89.978,0.841,0.404,0.955,1.0,0.92,0.599,0.492,0.241,0.305,0.614,0.427,0.301,0.6753359999999999,0.0,0.0,0.0,0.0,0.0,0.5648850000000001,sad
Hurtful by Erik Hassle,7,0,0.577,0.757,0.459,118.075,0.478,0.574,0.576,0.603,0.677,0.633,0.715,0.712,0.695,0.822,0.951,1.0,0.0,0.0,0.0,0.701379,0.0,0.0,0.0,sad
Girls & Boys by Good Charlotte,3,1,0.663,0.72,0.608,135.342,1.0,0.657,0.292,0.291,0.274,0.327,0.187,0.135,0.445,0.417,0.976,0.043,0.0,0.0,0.5949399999999999,0.0,0.0,0.0,0.675327,happy
Before by Riverside,7,0,0.456,0.385,0.215,147.212,0.575,0.793,0.374,0.356,0.664,0.702,1.0,0.987,0.832,0.845,0.534,0.226,0.0,0.0,0.0,0.743111,0.0,0.0,0.925837,sad
The One For You by Saybia,8,1,0.223,0.201,0.0622,78.707,1.0,0.457,0.741,0.526,0.265,0.287,0.21,0.717,0.54,0.246,0.22,0.401,0.0,0.0,0.0,0.0,0.0,0.0,0.0,sad
Bricks And Mortar by The Jam,1,1,0.369,0.853,0.619,144.645,1.0,0.979,0.25,0.211,0.18,0.181,0.176,0.163,0.149,0.114,0.089,0.345,0.0,0.0,0.718013,0.0,0.606204,0.0,0.672523,angry
The Divine Wings Of Tragedy by Symphony X,7,1,0.424,0.955,0.327,152.317,1.0,0.867,0.879,0.638,0.334,0.366,0.301,0.613,0.801,0.405,0.331,0.66,0.0,0.0,0.0,0.90181,0.0,0.0,0.0,sad
Scentless Apprentice by Nirvana,1,1,0.31,0.83,0.617,170.568,0.258,0.138,0.099,0.091,0.434,0.467,0.93,1.0,0.573,0.561,0.199,0.124,0.0,0.0,0.0,0.0,0.0,0.0,0.948691,angry
End Of The Run by Deborah Harry,4,0,0.509,0.505,0.247,100.913,0.999,1.0,0.916,0.812,0.732,0.725,0.802,0.856,0.895,0.833,0.818,0.762,0.0,0.506981,0.0,0.552439,0.578094,0.0,0.916046,sad
Man! I Feel Like A Woman! by Shania Twain,10,1,0.657,0.639,0.674,124.882,0.695,0.864,1.0,0.869,0.795,0.781,0.702,0.612,0.682,0.909,0.872,0.804,0.0,0.0,0.639173,0.0,0.0,0.0,0.0,happy
Mamma by Björn Rosenström,5,1,0.752,0.674,0.809,83.048,1.0,0.236,0.159,0.194,0.171,0.174,0.15,0.166,0.139,0.167,0.142,0.204,0.0,0.0,0.0,0.0,0.0,0.0,0.0,happy
The Boys Of Summer by The Ataris,6,1,0.251,0.954,0.264,191.059,0.886,0.873,0.824,0.85,1.0,0.838,0.789,0.7,0.602,0.498,0.566,0.694,0.0,0.0,0.616308,0.0,0.0,0.0,0.0,happy
U-Haul by Angie Stone,7,0,0.704,0.53,0.686,73.948,1.0,0.997,0.364,0.307,0.251,0.236,0.214,0.183,0.157,0.124,0.125,0.424,0.0,0.0,0.0,0.555323,0.0,0.0,0.762985,relaxed
Dirty Mind by The Pipettes,5,1,0.338,0.87,0.609,155.772,0.13,0.126,0.361,0.453,0.147,0.151,0.291,1.0,0.79,0.184,0.178,0.14,0.0,0.0,0.671316,0.0,0.0,0.0,0.7673260000000001,happy
If The Lights Go Out by Katie Melua,10,1,0.669,0.493,0.556,131.076,0.583,0.764,0.773,0.962,1.0,0.429,0.358,0.416,0.345,0.163,0.169,0.329,0.0,0.0,0.0,0.518175,0.580964,0.0,0.70397,relaxed
My Old Man by Steve Goodman,4,1,0.358,0.0429,0.271,76.045,1.0,0.997,0.376,0.33,0.296,0.326,0.336,0.322,0.293,0.22,0.204,0.491,0.0,0.0,0.0,0.504725,0.0,0.0,0.518871,sad
Deutschland (Has Gotta Die!) by Atari Teenage Riot,4,0,0.183,0.983,0.122,174.273,0.842,0.922,0.746,0.644,0.827,0.805,0.683,0.83,0.85,1.0,0.81,0.918,0.0,0.0,0.0,0.578129,0.0,0.645228,0.0,angry
Sunday Bloody Sunday by U2,6,1,0.543,0.944,0.735,101.174,0.52,0.48,0.378,0.33,0.311,0.299,0.391,0.39,0.87,1.0,0.79,0.669,0.0,0.0,0.0,0.510971,0.0,0.0,0.0,angry
Lethal by Longing for Dawn,10,0,0.171,0.272,0.0364,120.298,1.0,0.548,0.282,0.241,0.315,0.42,0.38,0.485,0.369,0.427,0.567,0.542,0.0,0.0,0.0,0.0,0.0,0.0,0.0,sad
Metal Militia by Metallica,9,1,0.166,0.956,0.238,176.217,0.079,0.017,0.031,0.045,0.02,0.03,0.029,0.219,0.205,0.041,0.714,1.0,0.670718,0.0,0.0,0.0,0.0,0.0,0.0,angry
Crazy Little Thing Called Love by Queen,0,1,0.599,0.762,0.715,76.961,1.0,0.519,0.223,0.267,0.235,0.252,0.26,0.215,0.243,0.234,0.252,0.325,0.0,0.0,0.847915,0.0,0.0,0.0,0.0,happy
Psycho Killer by Talking Heads,2,1,0.721,0.521,0.942,123.118,0.916,1.0,0.59,0.526,0.551,0.55,0.443,0.311,0.247,0.328,0.284,0.458,0.0,0.0,0.0,0.0,0.0,0.0,0.0,angry
Lilacs by Matt Costa,3,1,0.66,0.555,0.442,107.994,0.872,0.453,0.253,0.169,0.103,0.18,0.335,0.282,0.751,0.759,1.0,0.088,0.0,0.0,0.0,0.0,0.0,0.82652,0.0,relaxed
I Like to Move It by Reel 2 Real,5,0,0.863,0.781,0.764,122.938,1.0,0.966,0.908,0.814,0.704,0.565,0.57,0.552,0.56,0.474,0.395,0.42,0.0,0.0,0.722067,0.0,0.0,0.0,0.575603,happy
Already Gone by Kelly Clarkson,9,1,0.209,0.872,0.294,78.139,1.0,1.0,1.0,1.0,1.0,1.0,1.0,1.0,1.0,1.0,1.0,1.0,0.0,0.0,0.0,0.69133,0.0,0.0,0.0,sad
You're My Thrill by Diana Krall,0,1,0.272,0.101,0.119,143.204,1.0,0.896,0.538,0.516,0.545,0.605,0.62,0.579,0.519,0.556,0.572,0.278,0.0,0.0,0.73298,0.0,0.0,0.0,0.8933639999999999,relaxed
We Don't Care by Kanye West,11,0,0.595,0.754,0.647,83.155,0.023,0.081,0.029,0.058,1.0,0.05,0.135,0.016,0.017,0.011,0.079,0.157,0.0,0.0,0.0,0.0,0.0,0.0,0.0,happy
Tennessee Train Tracks by Rocky Votolato,6,1,0.583,0.608,0.622,124.543,0.936,0.491,0.555,0.571,0.507,0.543,0.723,0.488,1.0,0.845,0.975,0.231,0.0,0.0,0.0,0.515617,0.0,0.0,0.841118,relaxed
A Conversation With God by Darren Hayes,8,1,0.591,0.907,0.391,119.975,0.469,0.443,0.445,0.472,0.391,0.502,0.606,0.598,0.781,0.782,0.934,1.0,0.0,0.0,0.0,0.0,0.0,0.0,0.664175,sad
"So Come Back, I Am Waiting by Okkervil River",0,1,0.19,0.278,0.113,79.215,0.396,0.159,0.111,0.102,0.1,0.066,0.067,0.108,0.061,0.125,0.393,1.0,0.0,0.0,0.0,0.0,0.0,0.0,0.0,sad
The Bad Touch by Bloodhound Gang,0,0,0.831,0.735,0.97,122.979,0.959,1.0,0.803,0.723,0.433,0.448,0.426,0.44,0.716,0.731,0.571,0.118,0.0,0.0,0.64686,0.0,0.0,0.0,0.8653879999999999,happy
Dig by Mudvayne,11,0,0.623,0.983,0.271,134.975,0.817,0.805,0.516,0.375,0.471,1.0,0.884,0.63,0.566,0.691,0.757,0.792,0.0,0.0,0.0,0.0,0.0,0.0,0.0,angry
Recipe for Hate...Warhorse by Megadeth,0,1,0.265,0.869,0.492,162.609,1.0,1.0,1.0,1.0,1.0,1.0,1.0,1.0,1.0,1.0,1.0,1.0,0.0,0.6026,0.0,0.0,0.0,0.0,0.868604,angry
Unchained Melody by Peter Sellers,5,1,0.558,0.84,0.64,109.072,1.0,0.917,0.745,0.657,0.558,0.566,0.571,0.497,0.402,0.299,0.337,0.916,0.0,0.0,0.0,0.57794,0.0,0.0,0.0,happy
Can't Hardly Wait by The Replacements,2,1,0.538,0.814,0.58,141.256,0.496,0.335,0.443,0.547,0.729,1.0,0.912,0.498,0.317,0.349,0.39,0.519,0.0,0.519202,0.0,0.0,0.0,0.0,0.71572,sad
Coming Down Again by The Rolling Stones,6,1,0.458,0.427,0.36,71.514,0.497,1.0,0.65,0.181,0.222,0.433,0.502,0.49,0.423,0.273,0.358,0.337,0.0,0.0,0.0,0.601444,0.0,0.7707649999999999,0.0,sad
Swing hum e meio by Móveis Coloniais de Acaju,5,1,0.351,0.835,0.752,184.463,1.0,1.0,1.0,1.0,1.0,1.0,1.0,1.0,1.0,1.0,1.0,1.0,0.0,0.0,0.0,0.0,0.0,0.0,0.0,happy
The Enemy Inside by Dream Theater,4,0,0.488,0.976,0.404,143.988,0.591,1.0,0.288,0.029,0.071,0.148,0.079,0.069,0.07,0.04,0.018,0.36,0.0,0.0,0.0,0.864031,0.0,0.693873,0.0,angry
Old Dirt Hill (Bring That Beat Back) by Dave Matthews Band,7,1,0.812,0.546,0.871,113.533,0.871,0.222,0.181,0.151,0.215,0.371,0.443,0.289,0.52,0.496,1.0,0.267,0.0,0.0,0.0,0.0,0.0,0.686032,0.0,relaxed
All My Heart Can Hold by Maggie Reilly,9,0,0.572,0.599,0.541,96.547,1.0,0.982,0.359,0.318,0.289,0.286,0.274,0.253,0.229,0.19,0.19,0.405,0.0,0.0,0.0,0.645687,0.0,0.7152,0.0,sad
Better People by Xavier Rudd,6,1,0.552,0.519,0.509,118.727,0.505,0.155,0.124,0.086,0.072,0.134,0.13,0.067,0.194,0.499,1.0,0.988,0.0,0.0,0.744781,0.0,0.753696,0.0,0.7986949999999999,relaxed
He Stopped Loving Her Today by George Jones,8,1,0.43,0.173,0.365,72.103,0.612,0.952,0.839,0.792,0.999,1.0,0.961,0.945,0.787,0.771,0.516,0.043,0.0,0.0,0.0,0.5853149999999999,0.579604,0.0,0.5790489999999999,sad
Las Flores by Café Tacuba,10,1,0.615,0.928,0.962,156.926,1.0,0.981,0.386,0.303,0.31,0.408,0.342,0.338,0.378,0.369,0.384,0.339,0.0,0.0,0.0,0.0,0.0,0.0,0.0,happy
"They Do, They Don't by Jack Johnson",10,0,0.726,0.449,0.358,125.956,0.794,1.0,0.564,0.422,0.469,0.509,0.434,0.456,0.497,0.621,0.935,0.804,0.0,0.0,0.0,0.0,0.0,0.0,0.765774,relaxed
Crazy Mary by Pearl Jam,11,0,0.385,0.465,0.104,139.109,0.502,0.599,0.666,0.643,0.852,0.797,1.0,0.798,0.877,0.961,0.93,0.985,0.0,0.0,0.0,0.536876,0.0,0.0,0.0,sad
Lady Sings The Blues by Billie Holiday,0,0,0.316,0.151,0.263,181.775,1.0,0.954,0.832,0.648,0.524,0.528,0.519,0.511,0.514,0.54,0.583,0.58,0.0,0.0,0.0,0.867772,0.0,0.0,0.706892,sad
Fall by The Saturdays,7,0,0.627,0.524,0.206,82.958,0.755,1.0,0.565,0.67,0.783,0.787,0.895,0.724,0.503,0.491,0.611,0.637,0.0,0.0,0.0,0.0,0.872181,0.0,0.0,sad
My Dearest Darling by Etta James,8,1,0.554,0.345,0.542,104.737,1.0,0.907,0.844,0.669,0.705,0.607,0.461,0.388,0.323,0.283,0.307,0.402,0.0,0.0,0.888502,0.0,0.734164,0.0,0.571918,happy
Don't Stop Now by Guided by Voices,11,1,0.268,0.719,0.375,107.265,1.0,0.287,0.252,0.274,0.18,0.188,0.503,0.504,0.491,0.499,0.582,0.493,0.0,0.0,0.0,0.0,0.0,0.0,0.0,sad
Chinese Takeaway by The Adicts,0,1,0.541,0.945,0.803,104.684,0.84,0.706,0.777,0.743,0.461,0.344,0.412,0.456,0.919,0.841,1.0,0.895,0.0,0.0,0.0,0.0,0.0,0.0,0.0,happy
Chega De Saudade by João Gilberto,7,1,0.512,0.0571,0.69,88.656,0.216,0.111,0.107,0.092,0.076,0.116,0.12,0.099,0.138,0.273,1.0,0.919,0.0,0.0,0.0,0.0,0.0,0.0,0.0,relaxed
The Boys Of Summer by DJ Sammy,6,1,0.622,0.88,0.58,144.985,1.0,0.902,0.176,0.178,0.146,0.126,0.123,0.108,0.094,0.076,0.074,0.214,0.0,0.0,0.578795,0.0,0.0,0.0,0.0,happy
For The Ladies by Stephen Lynch,0,1,0.507,0.522,0.485,123.465,0.578,0.543,0.626,0.386,0.39,0.407,0.767,0.814,1.0,0.984,0.548,0.429,0.0,0.0,0.948845,0.0,0.6246109999999999,0.0,0.0,happy
Things Can Only Get Better by Howard Jones,7,1,0.752,0.743,0.832,108.254,0.349,0.335,0.369,0.374,0.418,0.386,0.416,0.55,0.617,0.762,0.846,1.0,0.0,0.7068989999999999,0.0,0.0,0.0,0.821633,0.0,happy
Crystal by New Order,6,1,0.517,0.893,0.248,135.862,0.926,1.0,0.462,0.543,0.492,0.351,0.254,0.245,0.235,0.215,0.178,0.381,0.5383020000000001,0.0,0.0,0.0,0.0,0.0,0.742727,happy
We in Here by DMX,11,0,0.516,0.85,0.517,179.305,0.79,0.822,0.854,0.964,0.808,0.662,0.651,0.713,1.0,0.865,0.756,0.654,0.5581689999999999,0.0,0.511031,0.538728,0.0,0.0,0.0,angry
Ještě mi scházíš by Jaromír Nohavica,9,0,0.27,0.285,0.175,120.277,0.894,0.265,0.317,0.162,0.22,0.315,0.306,1.0,0.409,0.199,0.166,0.135,0.0,0.0,0.0,0.0,0.0,0.0,0.0,sad
River Card by Atlas Sound,7,1,0.579,0.729,0.758,120.022,0.427,0.84,0.6,0.281,0.634,0.431,1.0,0.638,0.89,0.814,0.477,0.235,0.0,0.0,0.0,0.512005,0.724593,0.966751,0.0,relaxed
The Wake/Hooray Hooray by Tiger Lou,5,1,0.54,0.634,0.0941,130.061,0.429,0.409,0.946,0.638,0.244,0.206,0.322,1.0,0.762,0.235,0.144,0.259,0.0,0.0,0.0,0.0,0.53889,0.0,0.0,relaxed
Think Twice by Donald Byrd,5,0,0.551,0.828,0.802,108.07,0.874,1.0,0.877,0.701,0.607,0.565,0.456,0.37,0.421,0.28,0.22,0.664,0.0,0.0,0.0,0.0,0.526539,0.0,0.933633,relaxed
Touched Something's Hollow by of Montreal,0,1,0.476,0.0871,0.164,112.321,0.368,0.094,0.109,0.084,0.294,1.0,0.097,0.131,0.127,0.152,0.102,0.1,0.0,0.0,0.0,0.0,0.0,0.0,0.0,sad
Show A Little Faith by Charlotte Church,0,1,0.633,0.647,0.422,135.96,1.0,0.895,0.507,0.468,0.5,0.639,0.689,0.581,0.513,0.422,0.395,0.694,0.0,0.0,0.0,0.5252359999999999,0.655604,0.725496,0.0,relaxed
One Of Us Must Know (Sooner Or Later) by Bob Dylan,5,1,0.431,0.626,0.762,96.494,1.0,0.875,0.424,0.37,0.231,0.22,0.226,0.199,0.347,0.34,0.452,0.109,0.0,0.0,0.0,0.840939,0.0,0.0,0.848773,sad
Love Is Strange by Mickey & Sylvia,0,1,0.57,0.301,0.808,121.694,0.127,0.099,0.238,0.17,0.113,0.518,0.522,0.103,0.097,0.092,0.886,1.0,0.0,0.0,0.942804,0.0,0.0,0.0,0.0,happy
Not Fair by Lily Allen,5,1,0.718,0.806,0.929,121.488,1.0,0.916,0.693,0.681,0.547,0.545,0.412,0.413,0.327,0.327,0.285,0.059,0.0,0.0,0.0,0.0,0.0,0.0,0.0,happy
Cherish The Day by Sade,8,1,0.68,0.39,0.679,80.148,0.62,0.691,0.87,1.0,0.898,0.996,0.931,0.679,0.447,0.355,0.296,0.42,0.0,0.0,0.524184,0.0,0.0,0.0,0.0,relaxed
It's A Pity by Tanya Stephens,7,1,0.66,0.811,0.821,139.619,1.0,0.983,0.566,0.739,0.594,0.588,0.538,0.686,0.596,0.655,0.736,0.814,0.0,0.0,0.0,0.0,0.0,0.0,0.6457609999999999,happy
Sabbath Bloody Sabbath by Black Sabbath,1,0,0.359,0.625,0.524,137.764,0.361,1.0,0.711,0.846,0.409,0.831,0.661,0.654,0.79,0.629,0.373,0.465,0.0,0.0,0.0,0.0,0.590793,0.769606,0.0,angry
Flick of the Switch by AC/DC,2,1,0.442,0.906,0.705,129.483,0.966,1.0,0.31,0.312,0.472,0.473,0.625,0.629,0.743,0.745,0.807,0.04,0.0,0.0,0.0,0.591803,0.0,0.725237,0.0,angry
It's Gonna Rain by Violent Femmes,11,0,0.612,0.55,0.887,143.546,1.0,0.995,0.479,0.476,0.492,0.508,0.515,0.482,0.506,0.503,0.515,0.179,0.0,0.0,0.0,0.0,0.0,0.0,0.0,happy
Territory by Sepultura,2,1,0.335,0.946,0.305,153.429,0.424,0.244,0.145,0.16,0.201,0.329,0.685,0.904,0.41,0.688,1.0,0.611,0.0,0.0,0.0,0.0,0.77494,0.0,0.0,angry
That's My Job by Conway Twitty,9,1,0.587,0.231,0.231,103.543,0.004,0.007,0.002,0.003,0.021,0.03,0.216,0.056,0.02,1.0,0.105,0.003,0.0,0.534449,0.0,0.54805,0.0,0.0,0.0,sad
Police Story by Black Flag,5,1,0.285,0.914,0.144,110.078,1.0,0.446,0.239,0.277,0.192,0.371,0.297,0.232,0.223,0.155,0.177,0.555,0.743895,0.0,0.0,0.0,0.0,0.766185,0.0,angry
Every Day Is Exactly The Same by Nine Inch Nails,0,1,0.607,0.941,0.414,144.04,0.005,0.006,0.016,0.011,1.0,0.018,0.019,0.156,0.009,0.006,0.004,0.018,0.0,0.0,0.0,0.0,0.0,0.0,0.0,sad
Sometimes by Daniel Lanois,7,1,0.539,0.324,0.486,180.182,1.0,0.763,0.052,0.027,0.024,0.036,0.03,0.02,0.02,0.023,0.022,0.234,0.0,0.0,0.0,0.69091,0.693072,0.0,0.981587,relaxed
Love Is Like An Itching In My Heart by The Supremes,0,0,0.715,0.579,0.806,129.684,0.607,0.909,1.0,0.711,0.585,0.451,0.765,0.758,0.775,0.553,0.806,0.631,0.0,0.0,0.580184,0.0,0.530786,0.0,0.0,happy
Killamangiro by Babyshambles,7,1,0.468,0.898,0.419,109.89,0.634,0.231,0.174,0.179,0.995,1.0,0.432,0.442,0.142,0.143,0.121,0.078,0.0,0.0,0.0,0.0,0.0,0.0,0.620095,happy
Drowning by Stabbing Westward,2,1,0.408,0.0583,0.0348,69.754,1.0,0.355,0.217,0.204,0.025,0.038,0.081,0.068,0.218,0.222,0.416,0.065,0.0,0.0,0.0,0.6461210000000001,0.0,0.0,0.989962,sad
Save Your Scissors by City and Colour,11,1,0.439,0.647,0.567,153.932,1.0,0.559,0.542,0.542,0.469,0.468,0.283,0.282,0.306,0.306,0.245,0.199,0.0,0.0,0.0,0.5454899999999999,0.0,0.0,0.8196459999999999,relaxed
Among the Living by Anthrax,4,1,0.307,0.987,0.0395,155.737,1.0,1.0,1.0,1.0,1.0,1.0,1.0,1.0,1.0,1.0,1.0,1.0,0.559308,0.0,0.0,0.0,0.0,0.0,0.0,angry
War Zone by Slayer,1,0,0.317,0.995,0.111,98.027,1.0,0.565,0.332,0.632,0.544,0.645,0.515,0.422,0.921,0.412,0.426,0.454,0.0,0.0,0.0,0.0,0.532292,0.0,0.0,angry
If Loving You Is Wrong by Cassandra Wilson,2,0,0.719,0.233,0.492,124.14,0.521,0.365,0.204,0.189,0.159,0.499,0.603,0.216,0.282,0.399,1.0,0.69,0.0,0.0,0.0,0.554403,0.0,0.0,0.0,relaxed
An Ocean Between Us by As I Lay Dying,7,1,0.437,0.997,0.0419,112.523,1.0,0.237,0.276,0.235,0.335,0.254,0.228,0.754,0.434,0.378,0.315,0.293,0.0,0.0,0.0,0.798728,0.544253,0.0,0.0,angry
Nightmare by Avenged Sevenfold,2,1,0.554,0.949,0.233,129.984,1.0,1.0,1.0,1.0,1.0,1.0,1.0,1.0,1.0,1.0,1.0,1.0,0.0,0.0,0.0,0.0,0.0,0.0,0.0,angry
Sludge Factory by Alice in Chains,1,1,0.508,0.507,0.227,166.469,0.693,0.318,0.245,0.268,0.152,0.136,0.293,0.319,0.892,0.899,1.0,0.092,0.0,0.0,0.642989,0.0,0.0,0.0,0.0,sad
Psychotron by Megadeth,0,1,0.61,0.951,0.683,128.536,0.676,0.086,0.101,0.055,0.096,0.24,0.241,0.109,0.049,0.056,0.041,1.0,0.619769,0.0,0.0,0.0,0.0,0.0,0.911392,angry
Un Poco De Amor by Shakira,11,1,0.82,0.743,0.962,101.451,0.499,0.468,0.105,0.173,0.135,0.312,0.288,0.117,0.094,0.104,0.103,1.0,0.0,0.0,0.501107,0.0,0.0,0.0,0.0,happy
Oh My Lord by Nick Cave and the Bad Seeds,4,0,0.333,0.698,0.36,133.107,0.885,1.0,0.636,0.546,0.469,0.517,0.564,0.512,0.502,0.378,0.4,0.57,0.0,0.0,0.0,0.0,0.0,0.0,0.803972,sad
Just Can't Last by Natalie Merchant,0,1,0.645,0.753,0.578,98.064,1.0,0.95,0.678,0.698,0.529,0.586,0.487,0.421,0.3,0.252,0.276,0.192,0.0,0.0,0.0,0.812067,0.6298229999999999,0.0,0.973653,relaxed
Booksmart Devil by Silversun Pickups,4,1,0.598,0.503,0.57,166.477,0.983,1.0,0.685,0.661,0.658,0.714,0.633,0.585,0.588,0.558,0.531,0.253,0.0,0.0,0.560431,0.0,0.0,0.0,0.994704,relaxed
No Children by The Mountain Goats,1,1,0.606,0.411,0.412,84.944,0.644,0.556,0.555,0.59,0.585,0.679,0.816,0.975,0.922,1.0,0.955,0.947,0.0,0.0,0.0,0.5076189999999999,0.0,0.0,0.957631,sad
If U Seek Amy by Britney Spears,4,0,0.717,0.587,0.544,129.954,1.0,0.493,0.343,0.317,0.275,0.198,0.201,0.272,0.267,0.299,0.39,0.464,0.0,0.0,0.518526,0.506361,0.0,0.0,0.0,happy
Dragostea Din Tei by O-Zone,0,1,0.812,0.968,0.706,130.093,1.0,0.338,0.294,0.273,0.547,0.291,0.24,0.254,0.341,0.719,0.3,0.404,0.0,0.0,0.661215,0.0,0.0,0.0,0.0,happy
The Purple People Eater by Sheb Wooley,9,1,0.643,0.617,0.881,157.748,1.0,1.0,1.0,1.0,1.0,1.0,1.0,1.0,1.0,1.0,1.0,1.0,0.0,0.0,0.0,0.0,0.0,0.0,0.0,happy
Ho Visto Un Re by Enzo Jannacci,2,1,0.69,0.548,0.759,129.321,0.063,0.104,1.0,0.097,0.108,0.078,0.094,0.026,0.042,0.357,0.064,0.054,0.0,0.0,0.0,0.0,0.0,0.0,0.0,happy
Dread and the Fugitive Mind by Megadeth,4,0,0.51,0.83,0.483,164.175,1.0,1.0,1.0,1.0,1.0,1.0,1.0,1.0,1.0,1.0,1.0,1.0,0.0,0.555554,0.0,0.0,0.547016,0.0,0.0,angry
Hope by Jack Johnson,9,0,0.676,0.576,0.587,172.907,0.157,0.235,1.0,0.183,0.069,0.082,0.312,0.235,0.128,0.176,0.08,0.3,0.0,0.6485810000000001,0.0,0.0,0.0,0.0,0.0,relaxed
More Than You Know by Jane Monheit,2,0,0.573,0.14,0.329,73.108,1.0,0.811,0.168,0.176,0.311,0.306,0.477,0.456,0.636,0.663,0.815,0.331,0.0,0.0,0.736355,0.0,0.0,0.59538,0.0,relaxed
I Wanna Be Loved By You by Marilyn Monroe,5,1,0.376,0.297,0.584,126.528,1.0,1.0,1.0,1.0,1.0,1.0,1.0,1.0,1.0,1.0,1.0,1.0,0.0,0.0,0.7510439999999999,0.0,0.0,0.0,0.8701049999999999,happy
Distant Lights by Burial,10,0,0.732,0.452,0.205,127.546,0.056,0.084,0.837,0.334,0.054,0.152,0.088,1.0,0.464,0.036,0.02,0.115,0.0,0.0,0.0,0.0,0.0,0.0,0.0,sad
Sadness Is a Blessing by Lykke Li,0,1,0.313,0.733,0.49,119.891,0.385,0.696,0.643,0.663,1.0,0.956,0.956,0.935,0.546,0.567,0.174,0.044,0.0,0.0,0.0,0.8778590000000001,0.0,0.0,0.0,sad
I Told You So by Carrie Underwood,8,1,0.423,0.522,0.236,147.745,1.0,0.986,0.855,0.798,0.748,0.752,0.669,0.646,0.461,0.481,0.282,0.35,0.0,0.0,0.0,0.783532,0.0,0.0,0.698156,sad
Will You Marry Me by Lenny Kravitz,0,1,0.522,0.889,0.924,123.736,1.0,0.856,0.582,0.571,0.481,0.47,0.415,0.421,0.391,0.391,0.367,0.031,0.0,0.0,0.767936,0.0,0.0,0.0,0.0,happy
The Needle Lies by Queensryche,0,1,0.534,0.991,0.217,118.089,1.0,0.72,0.276,0.198,0.182,0.17,0.27,0.483,0.406,0.416,0.381,0.499,0.0,0.8627030000000001,0.0,0.0,0.0,0.512251,0.0,angry
The Cry of Mankind by My Dying Bride,1,0,0.256,0.831,0.161,152.127,0.914,1.0,0.977,0.87,0.885,0.916,0.869,0.81,0.777,0.619,0.491,0.42,0.0,0.0,0.0,0.0,0.0,0.0,0.8082020000000001,sad
7 Things by Miley Cyrus,1,0,0.59,0.903,0.542,107.023,0.179,0.162,0.131,0.121,0.532,0.163,0.181,0.112,0.232,0.122,0.306,1.0,0.0,0.0,0.0,0.608472,0.0,0.0,0.878342,happy
Vaca que cambia de querencia by Juana Molina,0,1,0.445,0.0133,0.589,118.237,0.021,0.021,0.05,0.024,0.005,0.007,0.027,0.167,0.098,1.0,0.419,0.028,0.0,0.0,0.0,0.0,0.0,0.0,0.0,relaxed
If You're Not Scared by K's Choice,5,1,0.486,0.788,0.657,81.949,0.907,0.804,0.908,0.826,0.497,1.0,0.467,0.467,0.541,0.436,0.553,0.54,0.0,0.0,0.0,0.787716,0.0,0.0,0.606057,sad
Sunworshipper by Mylo,11,0,0.692,0.606,0.862,77.528,0.322,0.674,0.138,0.05,0.278,0.264,0.834,1.0,0.367,0.131,0.039,0.096,0.0,0.0,0.0,0.0,0.0,0.898523,0.0,relaxed
Singin' In The Rain by Jamie Cullum,5,0,0.639,0.562,0.355,88.58,0.926,1.0,0.107,0.078,0.041,0.043,0.029,0.023,0.013,0.017,0.014,0.182,0.0,0.0,0.905524,0.0,0.0,0.0,0.698156,relaxed
I Am the Fly by Wire,4,1,0.664,0.915,0.518,118.769,0.985,1.0,0.443,0.416,0.349,0.305,0.244,0.185,0.201,0.121,0.127,0.772,0.0,0.0,0.0,0.0,0.51064,0.0,0.8653879999999999,angry
Livin' La Vida Loca by Ricky Martin,1,0,0.425,0.954,0.933,178.043,1.0,0.945,0.765,0.815,0.704,0.732,0.697,0.583,0.533,0.547,0.542,0.24,0.0,0.0,0.541643,0.0,0.0,0.0,0.0,happy
Limo Wreck by Soundgarden,7,1,0.352,0.808,0.236,137.875,1.0,0.39,0.443,0.453,0.683,0.229,0.26,0.748,0.307,0.297,0.281,0.345,0.0,0.0,0.0,0.5552729999999999,0.0,0.0,0.0,sad
Bitter Sweet by Sopor Aeternus & The Ensemble Of Shadows,0,1,0.432,0.73,0.18,113.639,0.588,1.0,0.95,0.934,0.907,0.906,0.346,0.344,0.186,0.184,0.459,0.307,0.0,0.0,0.0,0.811253,0.0,0.922197,0.0,sad
Nosferatu by Blue Öyster Cult,0,1,0.362,0.765,0.398,97.844,0.929,1.0,0.619,0.593,0.744,0.724,0.535,0.667,0.34,0.328,0.411,0.139,0.0,0.7817649999999999,0.0,0.0,0.0,0.641705,0.0,angry
My Evil Plan To Save The World by Five Iron Frenzy,0,1,0.675,0.87,0.791,107.45,0.904,1.0,0.695,0.67,0.61,0.53,0.403,0.414,0.601,0.606,0.913,0.391,0.0,0.0,0.0,0.0,0.0,0.722398,0.0,happy
I Know It's True but I'm Sorry to Say by Violent Femmes,0,1,0.36,0.411,0.237,171.401,1.0,0.965,0.514,0.506,0.509,0.509,0.518,0.527,0.529,0.528,0.52,0.107,0.0,0.0,0.766288,0.0,0.686385,0.0,0.698156,sad
Kielbasa by Tenacious D,0,1,0.506,0.666,0.595,100.846,1.0,0.914,0.048,0.011,0.011,0.012,0.023,0.197,0.093,0.029,0.158,0.042,0.552327,0.0,0.6066229999999999,0.0,0.0,0.0,0.0,happy
Sleepers by Saosin,2,0,0.282,0.977,0.337,183.916,0.074,0.089,0.168,0.092,0.297,0.092,0.085,0.462,0.364,1.0,0.108,0.076,0.0,0.0,0.0,0.0,0.0,0.722398,0.0,angry
Potters Field by Anthrax,11,0,0.337,0.947,0.135,96.165,1.0,0.937,0.202,0.192,0.185,0.196,0.191,0.186,0.154,0.108,0.11,0.223,0.0,0.0,0.0,0.606038,0.0,0.0,0.0,angry
Little Bombs by Aimee Mann,7,1,0.595,0.54,0.465,97.023,0.471,0.455,0.24,0.222,0.416,0.473,0.443,0.411,0.689,1.0,0.801,0.399,0.0,0.0,0.0,0.0,0.0,0.0,0.872927,sad
The Red by Chevelle,1,0,0.509,0.843,0.332,140.055,0.539,0.765,0.644,0.766,0.626,0.747,1.0,0.635,0.456,0.373,0.671,0.343,0.0,0.673746,0.0,0.0,0.0,0.6633,0.0,angry
Blue Sky by Jason Collett,5,1,0.688,0.33,0.311,72.61,0.278,0.148,0.005,0.005,0.016,0.03,0.044,0.01,0.011,1.0,0.477,0.022,0.0,0.0,0.0,0.727338,0.0,0.0,0.0,relaxed
All My Friends (John Cale's Version) by LCD Soundsystem,2,1,0.607,0.921,0.574,142.554,1.0,0.918,0.5,0.498,0.533,0.558,0.6,0.612,0.621,0.619,0.591,0.109,0.0,0.0,0.0,0.0,0.0,0.0,0.0,sad
Bushes And Briars by Sandy Denny,2,1,0.713,0.399,0.516,131.6,0.954,0.984,1.0,0.964,0.872,0.604,0.417,0.307,0.38,0.424,0.481,0.693,0.0,0.0,0.597773,0.0,0.0,0.0,0.626556,sad
Punk Rock Superstar by Marcy Playground,9,1,0.525,0.908,0.622,149.963,1.0,0.889,0.265,0.359,0.425,0.468,0.453,0.375,0.459,0.497,0.636,0.46,0.0,0.0,0.659752,0.0,0.0,0.0,0.0,happy
Le Vieil Amant by Emilie Simon,0,0,0.603,0.4,0.218,135.999,1.0,0.557,0.506,0.441,0.44,0.524,0.495,0.538,0.492,0.6,0.681,0.654,0.0,0.0,0.0,0.0,0.0,0.0,0.0,relaxed
Your Master Is Calling by Pink Turns Blue,11,0,0.491,0.733,0.791,152.129,0.077,0.154,0.086,0.073,0.401,1.0,0.486,0.155,0.121,0.049,0.056,0.07,0.0,0.0,0.0,0.0,0.0,0.0,0.0,sad
Clear My Head by IVY,9,1,0.489,0.423,0.327,150.077,1.0,0.564,0.477,0.459,0.339,0.315,0.514,0.448,0.428,0.39,0.227,0.154,0.0,0.0,0.0,0.729179,0.916623,0.8765629999999999,0.0,relaxed
A Sunday Kind Of Love by Etta James,2,0,0.421,0.285,0.402,85.861,1.0,0.987,0.143,0.103,0.084,0.091,0.11,0.108,0.095,0.072,0.066,0.164,0.0,0.0,0.687034,0.0,0.0,0.0,0.973205,relaxed
Lonely This Christmas by Mud,0,1,0.551,0.325,0.496,98.932,0.94,1.0,0.915,0.775,0.66,0.587,0.51,0.485,0.572,0.709,0.775,0.845,0.0,0.0,0.0,0.933394,0.0,0.0,0.0,sad
Everybody Knows That You Are Insane by Queens Of The Stone Age,0,1,0.468,0.452,0.35,89.972,0.451,0.576,1.0,0.842,0.532,0.883,0.425,0.534,0.635,0.418,0.564,0.848,0.0,0.0,0.0,0.572358,0.0,0.0,0.80186,angry
These Good People by The Gathering,6,0,0.519,0.745,0.244,81.009,1.0,1.0,1.0,1.0,1.0,1.0,1.0,1.0,1.0,1.0,1.0,1.0,0.0,0.0,0.0,0.0,0.6687420000000001,0.8591639999999999,0.0,sad
Puto by Molotov,1,1,0.83,0.789,0.749,120.047,1.0,0.603,0.229,0.266,0.322,0.105,0.283,0.354,0.296,0.356,0.131,0.238,0.0,0.0,0.0,0.0,0.0,0.0,0.0,happy
I Wish by Victoria Beckham,3,0,0.754,0.64,0.822,101.931,1.0,1.0,1.0,1.0,1.0,1.0,1.0,1.0,1.0,1.0,1.0,1.0,0.0,0.505691,0.0,0.551026,0.0,0.0,0.6985399999999999,happy
Dizzy by Ours,2,1,0.681,0.355,0.0791,116.263,0.217,0.552,0.564,0.56,1.0,0.987,0.663,0.655,0.161,0.149,0.14,0.102,0.0,0.0,0.0,0.517165,0.520612,0.0,0.655928,sad
Walking In Rhythm by The Blackbyrds,5,1,0.674,0.672,0.812,113.066,1.0,0.992,0.424,0.38,0.35,0.351,0.336,0.314,0.299,0.258,0.249,0.462,0.0,0.0,0.643379,0.0,0.0,0.0,0.779803,happy
Velvet Revolution by Tori Amos,6,0,0.465,0.223,0.486,98.246,1.0,0.895,0.519,0.534,0.416,0.368,0.333,0.313,0.307,0.289,0.374,0.553,0.0,0.0,0.0,0.769315,0.963306,0.0,0.50589,sad
FFF by Megadeth,7,1,0.383,0.981,0.478,185.138,1.0,0.889,0.587,0.366,0.327,0.407,0.46,0.482,0.611,0.703,0.828,0.999,0.0,0.0,0.0,0.6697529999999999,0.0,0.0,0.0,angry
Spirit in Black by Slayer,8,1,0.387,0.997,0.039,108.623,1.0,0.875,0.246,0.241,0.547,0.539,0.179,0.272,0.724,0.524,0.787,0.866,0.0,0.0,0.535821,0.0,0.0,0.0,0.810645,angry
Keep In Touch by theaudience,6,0,0.516,0.564,0.351,90.392,1.0,1.0,1.0,1.0,1.0,1.0,1.0,1.0,1.0,1.0,1.0,1.0,0.0,0.571867,0.0,0.0,0.0,0.0,0.925029,relaxed
Roy Walker by Belle and Sebastian,9,0,0.557,0.673,0.683,136.077,0.712,1.0,0.836,0.829,0.768,0.764,0.902,0.902,0.803,0.802,0.654,0.577,0.0,0.0,0.7189989999999999,0.0,0.0,0.0,0.68097,happy
As the Palaces Burn by Lamb of God,10,0,0.385,0.992,0.287,104.184,0.5,1.0,0.985,0.99,0.954,0.86,0.885,0.893,0.952,0.977,0.662,0.248,0.0,0.0,0.0,0.0,0.0,0.0,0.0,angry
Personality Crisis by New York Dolls,7,1,0.429,0.914,0.685,155.588,1.0,0.962,0.599,0.617,0.627,0.601,0.56,0.524,0.503,0.484,0.507,0.285,0.0,0.0,0.0,0.0,0.0,0.0,0.5899340000000001,angry
Unanswered by Suicide Silence,6,1,0.329,0.993,0.378,116.461,0.353,0.677,0.649,0.481,0.541,1.0,0.695,0.563,0.482,0.763,0.686,0.437,0.6630020000000001,0.0,0.0,0.0,0.0,0.7526649999999999,0.0,angry
It's That Time Again by The Dodos,11,0,0.462,0.681,0.317,105.055,0.85,1.0,0.816,0.591,0.522,0.566,0.455,0.396,0.362,0.342,0.263,0.204,0.0,0.0,0.0,0.555847,0.0,0.0,0.0,sad
Deliver Me From Mine Enemies by Diamanda Galás,11,0,0.195,0.582,0.0382,75.974,0.614,0.702,0.72,0.762,0.704,0.823,0.885,1.0,0.814,0.705,0.612,0.489,0.0,0.0,0.0,0.0,0.0,0.0,0.0,angry
We're Going Wrong by Cream,4,0,0.35,0.278,0.137,132.032,1.0,0.694,0.501,0.318,0.679,0.761,0.35,0.206,0.541,0.306,0.667,0.357,0.0,0.0,0.0,0.687722,0.0,0.0,0.770435,sad
Edge of the Ocean by IVY,1,1,0.614,0.656,0.697,95.531,1.0,0.965,0.327,0.281,0.248,0.24,0.218,0.194,0.178,0.149,0.145,0.369,0.0,0.0,0.658496,0.0,0.0,0.0,0.0,relaxed
Your Pretty Face Is Going to Hell by The Stooges,9,1,0.186,0.997,0.107,157.047,1.0,0.189,0.164,0.163,0.181,0.157,0.607,0.592,0.596,0.562,0.596,0.523,0.0,0.0,0.0,0.0,0.0,0.52563,0.0,angry
Worried Eyes by Eagle-Eye Cherry,2,1,0.686,0.545,0.611,76.037,1.0,0.893,0.89,0.876,0.852,0.855,0.378,0.359,0.373,0.367,0.11,0.1,0.0,0.0,0.0,0.846082,0.747663,0.0,0.8272879999999999,relaxed
It's Over by Bic Runga,10,0,0.555,0.3,0.179,126.114,0.033,0.056,0.141,0.294,1.0,0.263,0.076,0.038,0.027,0.012,0.018,0.027,0.0,0.0,0.626436,0.0,0.7386510000000001,0.0,0.949952,sad
Poetically Pathetic (Acoustic) by Amber Pacific,1,1,0.489,0.468,0.747,84.293,1.0,0.681,0.456,0.428,0.256,0.254,0.198,0.219,0.276,0.229,0.286,0.027,0.0,0.0,0.709218,0.0,0.7339,0.0,0.791927,sad
Lovely 2 C U by Goldfrapp,0,1,0.636,0.723,0.648,129.096,0.829,0.741,0.484,0.27,0.334,0.534,1.0,0.99,0.477,0.881,0.476,0.775,0.0,0.0,0.859642,0.0,0.0,0.0,0.0,happy
"The Night Santa Went Crazy by ""Weird Al"" Yankovic",3,1,0.589,0.654,0.383,120.322,0.013,0.021,0.037,1.0,0.03,0.018,0.01,0.047,0.01,0.043,0.089,0.014,0.0,0.0,0.0,0.0,0.0,0.659623,0.0,happy
Are We Still Married? by His Name Is Alive,0,0,0.618,0.35,0.682,137.3,0.432,1.0,0.374,0.395,0.357,0.386,0.418,0.245,0.262,0.273,0.237,0.426,0.0,0.0,0.0,0.0,0.0,0.0,0.966403,sad
Simarik by Tarkan,7,1,0.775,0.818,0.826,97.06,0.993,1.0,0.89,0.71,0.672,0.652,0.593,0.494,0.472,0.577,0.665,0.664,0.0,0.0,0.0,0.0,0.0,0.0,0.0,happy
Nada Valgo Sin Tu Amor by Juanes,0,1,0.601,0.643,0.387,76.979,0.99,1.0,0.399,0.37,0.337,0.338,0.325,0.296,0.267,0.213,0.202,0.421,0.0,0.0,0.0,0.0,0.0,0.0,0.0,happy
"Kick, Push by Lupe Fiasco",5,1,0.652,0.809,0.512,94.786,1.0,1.0,1.0,1.0,1.0,1.0,1.0,1.0,1.0,1.0,1.0,1.0,0.0,0.0,0.648954,0.0,0.0,0.0,0.761129,relaxed
Thank You Very Much by Kaiser Chiefs,8,1,0.486,0.965,0.695,161.138,1.0,0.766,0.402,0.353,0.281,0.298,0.207,0.191,0.194,0.235,0.223,0.586,0.0,0.0,0.777539,0.0,0.8254319999999999,0.0,0.751891,happy
Counting Backwards by Throwing Muses,11,1,0.336,0.904,0.629,176.002,0.372,0.563,0.508,0.397,0.318,0.359,0.433,0.275,0.127,0.487,0.883,1.0,0.0,0.0,0.0,0.6382180000000001,0.747663,0.0,0.0,angry
Future Breed Machine by Meshuggah,1,1,0.454,0.97,0.157,87.968,0.455,0.444,0.667,1.0,0.678,0.432,0.455,0.406,0.352,0.715,0.891,0.722,0.0,0.0,0.0,0.0,0.0,0.0,0.0,angry
I Luv It by Young Jeezy,9,1,0.641,0.765,0.19,91.009,0.993,0.985,0.902,0.765,0.896,0.941,0.887,1.0,0.793,0.857,0.89,0.763,0.0,0.0,0.0,0.672037,0.0,0.0,0.762676,angry
Burn by Three Days Grace,7,1,0.401,0.871,0.372,165.02,0.244,0.139,0.136,0.091,0.064,0.169,0.171,0.083,0.121,0.222,0.868,1.0,0.502694,0.0,0.0,0.0,0.0,0.0,0.0,angry
Bring the Noise by Public Enemy,4,0,0.795,0.824,0.794,110.202,1.0,0.741,0.132,0.13,0.102,0.157,0.163,0.126,0.123,0.122,0.212,0.46,0.530655,0.0,0.521095,0.0,0.0,0.589192,0.0,angry
Monday Morning by Maria Mena,2,1,0.626,0.534,0.261,99.983,1.0,0.146,0.068,0.035,0.282,0.515,0.126,0.036,0.033,0.035,0.02,0.201,0.0,0.0,0.0,0.764714,0.0,0.0,0.0,relaxed
The Wrong Nigga to Fuck Wit by Ice Cube,9,1,0.825,0.914,0.782,106.253,0.353,0.258,0.206,0.251,0.472,1.0,0.998,0.244,0.18,0.218,0.291,0.446,0.684511,0.0,0.0,0.0,0.0,0.0,0.0,angry
Am I Inside by Alice in Chains,1,1,0.399,0.211,0.0391,97.569,1.0,1.0,1.0,1.0,1.0,1.0,1.0,1.0,1.0,1.0,1.0,1.0,0.0,0.0,0.0,0.765522,0.0,0.0,0.0,sad
Ghostbusters by Ray Parker Jr.,6,0,0.779,0.717,0.789,115.384,1.0,1.0,1.0,1.0,1.0,1.0,1.0,1.0,1.0,1.0,1.0,1.0,0.0,0.0,0.0,0.0,0.0,0.0,0.0,happy
Hate Me! by Children of Bodom,2,1,0.439,0.977,0.415,93.986,0.845,0.723,0.779,0.947,0.735,0.683,0.79,0.762,0.741,0.889,0.793,1.0,0.0,0.0,0.0,0.623791,0.0,0.0,0.6123850000000001,angry
Olhos Certos by Detonautas Roque Clube,1,0,0.559,0.492,0.143,95.073,1.0,0.965,0.59,0.675,0.71,0.818,0.861,0.715,0.657,0.53,0.502,0.566,0.0,0.0,0.0,0.0,0.0,0.0,0.0,sad
Gigantic by Pixies,7,1,0.385,0.707,0.786,115.174,0.349,1.0,0.357,0.22,0.729,0.202,0.355,0.2,0.227,0.756,0.389,0.183,0.0,0.0,0.6767529999999999,0.0,0.0,0.667008,0.0,happy
Day by Katatonia,7,0,0.537,0.555,0.0763,119.98,1.0,0.772,0.315,0.204,0.19,0.311,0.429,0.692,0.433,0.378,0.381,0.528,0.0,0.0,0.5775239999999999,0.0,0.0,0.502568,0.0,sad
Painter in Your Pocket by Destroyer,6,0,0.566,0.511,0.258,123.311,0.34,0.393,0.441,0.212,0.341,0.811,1.0,0.288,0.179,0.222,0.556,0.754,0.0,0.0,0.564557,0.698631,0.0,0.0,0.839217,relaxed
Belle de Jour by De-Phazz,11,0,0.63,0.85,0.648,155.972,0.078,0.028,0.072,0.038,1.0,0.248,0.165,0.112,0.025,0.022,0.035,0.093,0.0,0.0,0.0,0.0,0.0,0.0,0.947419,relaxed
Never Be the Sun by Dolores Keane,0,1,0.409,0.123,0.243,75.805,1.0,0.835,0.154,0.131,0.094,0.053,0.066,0.072,0.077,0.067,0.119,0.382,0.0,0.0,0.704626,0.0,0.0,0.0,0.959929,relaxed
Bring the Pain by Method Man,6,0,0.835,0.456,0.224,101.889,0.599,0.383,0.277,0.163,0.26,0.245,0.257,0.415,1.0,0.777,0.432,0.697,0.720274,0.0,0.0,0.0,0.0,0.0,0.0,angry
Those Three Days by Lucinda Williams,1,1,0.537,0.362,0.301,137.929,0.477,0.503,0.229,0.183,0.188,0.182,0.124,0.276,0.215,0.198,0.319,1.0,0.0,0.0,0.0,0.0,0.0,0.0,0.0,sad
Moto Psycho by Megadeth,0,0,0.536,0.951,0.551,127.423,0.615,0.847,0.962,1.0,0.782,0.889,0.848,0.815,0.692,0.484,0.532,0.615,0.0,0.0,0.0,0.0,0.0,0.0,0.635753,angry
Laura by Scissor Sisters,8,1,0.744,0.862,0.81,91.006,1.0,1.0,1.0,1.0,1.0,1.0,1.0,1.0,1.0,1.0,1.0,1.0,0.0,0.0,0.0,0.0,0.0,0.0,0.80186,happy
I Like You So Much Better When You're Naked by Ida Maria,0,1,0.486,0.934,0.765,170.007,0.897,1.0,0.349,0.383,0.318,0.673,0.414,0.423,0.347,0.226,0.185,0.637,0.0,0.0,0.0,0.0,0.0,0.0,0.568389,happy
Lovesongs (They Kill Me) by Cinema Bizarre,7,0,0.514,0.762,0.417,105.038,1.0,0.919,0.105,0.119,0.14,0.17,0.159,0.166,0.171,0.172,0.188,0.185,0.0,0.0,0.0,0.0,0.0,0.0,0.0,sad
Leave My Mind by Lene Marlin,0,0,0.56,0.428,0.151,92.993,0.778,0.633,0.334,0.309,0.532,0.55,0.854,0.869,1.0,0.981,0.942,0.133,0.0,0.0,0.0,0.569868,0.596122,0.87984,0.0,relaxed
You Got By by Sara Gazarek,10,1,0.539,0.238,0.322,89.616,1.0,0.758,0.259,0.148,0.276,0.247,0.408,0.462,0.692,0.644,0.717,0.282,0.0,0.0,0.0,0.0,0.0,0.0,0.849567,relaxed
Walk Believer Walk by The Black Crowes,5,1,0.296,0.529,0.458,155.856,1.0,0.983,0.719,0.724,0.73,0.712,0.671,0.663,0.601,0.598,0.512,0.013,0.0,0.0,0.0,0.0,0.0,0.0,0.600641,happy
Thank You (Falettinme Be Mice Elf Agin) by Sly & The Family Stone,9,1,0.9,0.709,0.897,105.822,0.674,0.825,0.793,0.75,1.0,0.927,0.707,0.787,0.893,0.706,0.865,0.742,0.0,0.0,0.541905,0.0,0.0,0.0,0.0,happy
The Lonely by British Sea Power,11,0,0.432,0.869,0.445,127.329,0.374,0.266,0.484,0.221,0.323,0.266,0.879,0.281,0.246,0.284,0.236,1.0,0.0,0.596072,0.0,0.0,0.0,0.906441,0.0,sad
Autumn Tactics by Chicane,10,1,0.52,0.726,0.381,122.962,0.446,1.0,0.005,0.004,0.003,0.004,0.011,0.01,0.015,0.017,0.065,0.006,0.0,0.0,0.698724,0.0,0.0,0.0,0.8979299999999999,relaxed
Under the Gun by The Sisters Of Mercy,2,1,0.498,0.573,0.447,79.059,0.006,0.005,0.034,0.014,0.004,0.004,0.005,1.0,0.262,0.005,0.004,0.019,0.0,0.0,0.8632129999999999,0.0,0.0,0.0,0.0,sad
Get Myself on Track by Audio Bullys,5,1,0.599,0.715,0.639,106.145,0.056,0.056,1.0,0.04,0.042,0.108,0.027,0.298,0.012,0.129,0.038,0.014,0.0,0.0,0.0,0.0,0.0,0.0,0.0,sad
The Sleep of No Dreaming by Porcupine Tree,5,1,0.495,0.377,0.247,128.067,0.304,0.327,0.643,0.32,0.561,1.0,0.222,0.316,0.176,0.079,0.265,0.294,0.0,0.0,0.0,0.0,0.0,0.0,0.8082020000000001,sad
Lazy Girls by Jill Cunniff,2,1,0.589,0.898,0.624,170.05,0.793,0.747,0.782,0.742,0.797,0.832,0.744,0.649,0.744,0.709,0.587,1.0,0.0,0.0,0.60412,0.0,0.0,0.0,0.60858,happy
Newgrange by Clannad,9,0,0.456,0.426,0.28,80.908,0.129,0.688,0.709,0.671,1.0,0.963,0.291,0.286,0.037,0.031,0.021,0.096,0.0,0.0,0.0,0.0,0.0,0.0,0.0,relaxed
Want by The Cure,1,1,0.387,0.813,0.233,167.851,0.414,0.566,1.0,0.752,0.278,0.236,0.386,0.745,0.648,0.292,0.411,0.49,0.0,0.0,0.647063,0.0,0.0,0.701849,0.0,sad
I'm on a Boat (feat. T-Pain) by The Lonely Island,9,0,0.639,0.705,0.39,149.959,0.86,0.865,0.95,0.926,0.96,0.899,0.904,0.994,1.0,0.979,0.984,0.959,0.57235,0.0,0.0,0.0,0.0,0.0,0.0,happy
Faithful  by Common,4,1,0.746,0.844,0.511,90.852,0.951,1.0,0.574,0.536,0.474,0.46,0.402,0.344,0.337,0.285,0.269,0.493,0.0,0.0,0.651019,0.0,0.0,0.0,0.0,relaxed
This Place Hotel by The Jacksons,4,0,0.731,0.851,0.582,97.005,1.0,0.905,0.516,0.473,0.406,0.313,0.374,0.457,0.423,0.367,0.352,0.822,0.0,0.0,0.6314029999999999,0.0,0.601256,0.0,0.0,sad
Dirge for November by Opeth,9,0,0.273,0.382,0.143,137.87,0.867,1.0,0.909,0.643,0.504,0.585,0.935,0.614,0.633,0.592,0.54,0.586,0.0,0.0,0.0,0.7666270000000001,0.0,0.952663,0.0,sad
It's A Long Way There by Little River Band,5,1,0.392,0.594,0.304,88.647,0.48,0.586,0.258,0.246,0.355,0.336,0.982,1.0,0.971,0.98,0.415,0.089,0.0,0.0,0.0,0.0,0.0,0.0,0.968739,relaxed
11:11 by Rufus Wainwright,4,1,0.327,0.477,0.248,201.271,0.423,0.468,0.701,1.0,0.868,0.806,0.613,0.304,0.386,0.297,0.858,0.827,0.0,0.0,0.0,0.5056229999999999,0.0,0.0,0.0,relaxed
Break The Ice by Britney Spears,5,0,0.712,0.911,0.85,117.533,0.967,0.808,0.255,0.235,0.16,0.235,0.15,0.19,1.0,0.624,0.16,0.535,0.0,0.0,0.0,0.0,0.0,0.0,0.671324,happy
Midnight Blue by Electric Light Orchestra,5,1,0.565,0.313,0.358,141.147,1.0,0.911,0.664,0.662,0.588,0.574,0.496,0.493,0.438,0.446,0.378,0.058,0.0,0.0,0.0,0.8161189999999999,0.0,0.0,0.0,relaxed
We're Not Deep by The Housemartins,0,1,0.695,0.818,0.972,100.833,0.504,0.686,1.0,0.871,0.722,0.803,0.769,0.569,0.703,0.752,0.468,0.507,0.0,0.0,0.0,0.0,0.767471,0.0,0.7473,happy
Disguise by Lene Marlin,3,1,0.476,0.76,0.487,169.945,0.842,0.895,0.868,0.737,0.834,1.0,0.922,0.816,0.745,0.854,0.836,0.844,0.0,0.0,0.0,0.0,0.0,0.0,0.937317,relaxed
