0.6,99.189,0,10,0.8,0.695,0.116,0.093,0.024,0.017,0.239,0.097,0.013,0.045,0.02,0.438,1.0,happy
0.923,112.936,1,10,0.531,0.956,0.573,0.312,0.398,0.387,1.0,0.354,0.399,0.366,0.288,0.37,0.417,angry
0.674,69.289,1,6,0.162,1.0,0.887,0.115,0.103,0.079,0.06,0.054,0.061,0.062,0.047,0.037,0.141,sad
0.167,139.763,1,0,0.724,0.007,0.004,0.004,0.06,0.473,1.0,0.233,0.007,0.002,0.001,0.001,0.001,happy
0.639,171.609,1,1,0.184,0.924,0.505,0.189,0.17,0.256,0.457,0.53,0.48,0.915,0.945,1.0,0.166,angry
0.78,167.278,1,7,0.383,1.0,1.0,1.0,1.0,1.0,1.0,1.0,1.0,1.0,1.0,1.0,1.0,angry
0.808,147.998,0,4,0.469,0.553,1.0,0.48,0.726,0.564,0.383,0.451,0.541,0.395,0.319,0.474,0.314,angry
0.519,154.22,1,1,0.355,0.962,1.0,0.792,0.796,0.793,0.794,0.839,0.838,0.797,0.785,0.777,0.445,sad
0.97,95.337,0,11,0.502,0.114,0.176,0.166,0.11,0.093,0.129,1.0,0.098,0.114,0.127,0.179,0.631,angry
0.577,114.478,1,4,0.845,0.89,0.546,0.381,0.275,0.262,0.34,0.338,0.281,0.432,0.822,1.0,0.961,happy
0.707,108.905,1,4,0.563,1.0,0.639,0.081,0.067,0.045,0.02,0.009,0.029,0.036,0.034,0.031,0.12,relaxed
0.252,107.0,1,2,0.367,0.171,0.011,0.006,0.009,0.008,0.028,0.054,0.015,0.022,0.045,0.257,1.0,sad
0.879,108.06,0,11,0.39,1.0,0.94,0.578,0.59,0.597,0.63,0.598,0.586,0.564,0.539,0.483,0.094,angry
0.468,75.798,1,7,0.597,1.0,0.955,0.386,0.37,0.338,0.368,0.345,0.296,0.243,0.151,0.101,0.296,relaxed
0.634,118.922,1,8,0.743,0.855,0.572,0.509,0.492,0.359,0.364,0.957,1.0,0.605,0.585,0.058,0.026,happy
0.76,84.838,1,7,0.275,0.385,0.213,0.121,0.152,0.183,0.184,0.162,0.346,1.0,0.982,0.358,0.189,angry
0.84,103.384,0,4,0.775,0.039,0.05,0.111,0.251,1.0,0.121,0.04,0.152,0.049,0.038,0.054,0.264,happy
0.975,178.008,0,1,0.457,0.978,0.927,0.735,0.734,0.99,0.615,0.743,0.87,1.0,0.785,0.72,0.957,angry
0.583,118.055,1,0,0.339,0.867,0.826,0.8,0.875,0.91,0.895,0.879,1.0,0.879,0.892,0.928,0.936,sad
0.523,72.79,0,4,0.404,1.0,1.0,1.0,1.0,1.0,1.0,1.0,1.0,1.0,1.0,1.0,1.0,sad
0.412,169.956,0,1,0.51,0.153,0.089,0.148,0.331,0.287,0.544,0.53,0.137,0.14,0.184,0.876,1.0,angry
0.067,36.959,0,6,0.271,0.689,0.671,0.681,0.591,0.471,0.521,0.651,0.95,1.0,0.675,0.567,0.553,relaxed
0.667,137.977,0,2,0.152,0.946,0.761,0.674,0.722,0.831,1.0,0.822,0.676,0.665,0.711,0.726,0.906,sad
0.57,132.027,0,1,0.142,0.517,0.99,1.0,0.969,0.917,0.912,0.342,0.337,0.365,0.354,0.137,0.157,sad
0.711,88.769,1,5,0.353,0.136,0.012,0.01,0.033,0.011,0.014,0.278,0.049,0.022,0.027,0.036,1.0,angry
0.615,130.05,1,9,0.686,0.142,1.0,0.119,0.172,0.245,0.204,0.787,0.218,0.294,0.109,0.295,0.217,sad
0.639,113.945,1,7,0.466,0.13,0.17,0.229,0.437,1.0,0.509,0.254,0.175,0.148,0.105,0.104,0.127,relaxed
0.555,97.3,1,2,0.0784,0.865,0.638,1.0,0.562,0.498,0.531,0.64,0.625,0.386,0.736,0.491,0.794,sad
0.86,128.151,0,10,0.449,0.068,0.095,0.129,0.04,0.042,0.134,0.058,0.06,0.081,0.096,1.0,0.107,angry
0.936,133.065,1,2,0.756,0.82,1.0,0.312,0.387,0.343,0.355,0.35,0.334,0.565,0.522,0.381,0.336,angry
0.266,136.11,1,0,0.303,0.967,1.0,0.277,0.326,0.357,0.508,0.589,0.598,0.548,0.39,0.299,0.318,relaxed
0.226,88.622,1,6,0.0792,0.022,0.019,0.035,1.0,0.038,0.039,0.015,0.094,0.022,0.021,0.316,0.023,relaxed
0.91,144.073,1,0,0.693,1.0,0.455,0.206,0.183,0.172,0.148,0.36,0.276,0.373,0.333,0.804,0.699,angry
0.982,131.2,1,2,0.366,0.979,0.517,0.49,0.492,0.255,0.271,0.809,0.788,0.853,0.838,1.0,0.842,angry
0.342,99.947,0,9,0.0795,1.0,0.926,0.103,0.098,0.071,0.088,0.258,0.248,0.473,0.46,0.681,0.068,relaxed
0.497,101.005,1,2,0.686,0.644,0.311,0.282,0.359,0.527,1.0,0.956,0.658,0.799,0.983,0.894,0.751,happy
0.287,122.657,1,7,0.0778,0.542,1.0,0.379,0.183,0.162,0.342,0.223,0.15,0.144,0.077,0.103,0.191,sad
0.76,157.173,1,11,0.913,0.388,0.205,0.115,0.272,0.2,0.129,0.363,0.182,0.096,0.168,0.18,1.0,happy
0.931,134.103,0,0,0.367,0.948,1.0,0.659,0.61,0.65,0.644,0.607,0.498,0.548,0.454,0.474,0.717,angry
0.688,113.713,0,11,0.225,0.602,1.0,0.871,0.576,0.31,0.293,0.144,0.164,0.122,0.196,0.246,0.363,relaxed
0.72,109.403,1,8,0.291,0.125,0.035,0.096,0.157,0.051,0.358,0.089,0.066,0.192,0.07,1.0,0.095,relaxed
0.429,108.034,1,4,0.34,0.64,0.697,0.635,0.809,0.542,0.585,0.754,0.647,0.76,0.886,0.859,1.0,sad
0.605,96.808,1,2,0.72,0.733,0.774,0.685,0.359,0.305,0.298,0.497,1.0,0.867,0.381,0.28,0.432,sad
0.853,114.003,1,2,0.67,0.586,0.376,0.423,0.199,0.581,0.354,0.891,0.647,0.821,1.0,0.414,0.334,happy
0.533,107.053,0,3,0.211,1.0,1.0,1.0,1.0,1.0,1.0,1.0,1.0,1.0,1.0,1.0,1.0,sad
0.748,146.348,0,7,0.275,0.81,1.0,0.89,0.733,0.655,0.613,0.66,0.785,0.833,0.754,0.752,0.813,relaxed
0.325,119.965,1,0,0.641,0.665,0.477,0.373,0.211,0.362,0.27,0.224,0.167,0.251,0.222,0.624,1.0,happy
0.928,107.424,0,4,0.253,0.859,1.0,0.546,0.41,0.611,0.98,0.608,0.723,0.542,0.76,0.431,0.586,angry
0.82,120.003,0,10,0.146,0.194,0.196,0.219,0.095,0.072,0.053,0.045,0.111,0.101,0.075,0.668,1.0,sad
0.923,171.445,1,2,0.326,1.0,1.0,1.0,1.0,1.0,1.0,1.0,1.0,1.0,1.0,1.0,1.0,angry
0.473,103.989,0,11,0.424,1.0,0.95,0.889,0.772,0.637,0.618,0.589,0.522,0.449,0.328,0.279,0.211,relaxed
0.895,102.078,1,2,0.657,0.518,0.255,0.228,0.196,0.224,0.989,0.58,0.361,0.472,0.837,1.0,0.82,happy
0.55,94.971,1,0,0.371,0.148,0.362,1.0,0.197,0.066,0.04,0.034,0.089,0.036,0.189,0.023,0.051,relaxed
0.538,90.124,1,9,0.319,0.547,0.353,0.429,0.37,0.358,0.834,0.625,0.248,0.324,0.413,0.891,1.0,relaxed
0.47,96.852,0,11,0.351,0.937,1.0,0.658,0.602,0.592,0.606,0.567,0.634,0.58,0.677,0.64,0.44,relaxed
0.993,100.06,1,7,0.349,0.465,0.758,0.786,0.783,1.0,0.854,0.507,0.538,0.306,0.321,0.141,0.131,angry
0.924,127.978,1,2,0.387,0.793,0.783,1.0,0.51,0.32,0.27,0.331,0.376,0.365,0.346,0.227,0.29,relaxed
0.767,97.944,1,0,0.413,0.645,1.0,0.283,0.196,0.172,0.149,0.101,0.113,0.13,0.105,0.068,0.341,sad
0.153,148.048,1,3,0.425,0.754,0.742,0.662,0.79,0.747,0.891,1.0,0.797,0.786,0.766,0.718,0.769,relaxed
0.364,109.857,1,2,0.715,0.774,0.52,0.525,0.598,0.678,0.741,0.792,0.888,0.984,0.993,1.0,0.888,sad
0.424,87.967,0,2,0.325,0.215,0.14,0.146,0.069,0.036,0.039,0.048,0.09,0.045,0.094,0.903,1.0,relaxed
0.538,139.987,1,1,0.521,0.653,0.422,0.431,0.404,1.0,0.993,0.842,0.839,0.114,0.125,0.204,0.116,relaxed
0.823,138.981,1,7,0.881,0.984,1.0,0.274,0.199,0.253,0.21,0.205,0.189,0.144,0.17,0.198,0.362,happy
0.788,120.059,1,5,0.63,1.0,0.846,0.134,0.125,0.197,0.313,0.333,0.323,0.263,0.203,0.219,0.298,happy
0.939,98.646,1,8,0.527,1.0,0.96,0.593,0.581,0.681,0.757,0.775,0.686,0.586,0.578,0.505,0.218,angry
0.983,130.01,1,0,0.484,0.992,1.0,0.683,0.654,0.656,0.67,0.66,0.626,0.622,0.604,0.6,0.44,angry
0.11,175.981,0,6,0.132,0.476,1.0,0.504,0.335,0.539,0.497,0.45,0.622,0.332,0.218,0.14,0.25,relaxed
0.783,129.964,1,6,0.443,1.0,0.862,0.63,0.35,0.226,0.339,0.565,0.536,0.532,0.282,0.347,0.96,happy
0.938,151.06,1,1,0.245,0.733,0.871,0.901,0.782,0.652,0.769,0.734,0.795,0.799,0.811,1.0,0.88,sad
0.991,142.076,1,6,0.127,0.762,0.598,0.448,0.725,0.731,1.0,0.757,0.739,0.583,0.591,0.487,0.856,angry
0.868,138.807,1,0,0.164,0.293,0.062,0.168,0.113,0.043,0.364,0.377,0.058,0.061,0.055,0.166,1.0,angry
0.815,128.271,1,11,0.373,0.897,0.833,0.707,0.695,0.683,1.0,0.705,0.72,0.775,0.882,0.873,0.814,relaxed
0.512,139.945,0,4,0.374,0.331,0.193,0.105,0.104,0.486,0.488,0.983,1.0,0.825,0.849,0.265,0.088,sad
0.443,107.645,1,2,0.41,0.852,1.0,0.57,0.451,0.369,0.379,0.371,0.393,0.483,0.498,0.455,0.498,happy
0.772,153.743,1,9,0.56,0.138,0.148,0.175,0.473,0.808,1.0,0.622,0.212,0.147,0.122,0.218,0.117,happy
0.563,89.978,0,4,0.0526,0.841,0.404,0.955,1.0,0.92,0.599,0.492,0.241,0.305,0.614,0.427,0.301,sad
0.757,118.075,0,7,0.459,0.478,0.574,0.576,0.603,0.677,0.633,0.715,0.712,0.695,0.822,0.951,1.0,sad
0.72,135.342,1,3,0.608,1.0,0.657,0.292,0.291,0.274,0.327,0.187,0.135,0.445,0.417,0.976,0.043,happy
0.385,147.212,0,7,0.215,0.575,0.793,0.374,0.356,0.664,0.702,1.0,0.987,0.832,0.845,0.534,0.226,sad
0.201,78.707,1,8,0.0622,1.0,0.457,0.741,0.526,0.265,0.287,0.21,0.717,0.54,0.246,0.22,0.401,sad
0.853,144.645,1,1,0.619,1.0,0.979,0.25,0.211,0.18,0.181,0.176,0.163,0.149,0.114,0.089,0.345,angry
0.85,164.857,1,7,0.188,1.0,0.847,0.778,0.643,0.525,0.555,0.62,0.652,0.599,0.439,0.343,0.229,sad
0.83,170.568,1,1,0.617,0.258,0.138,0.099,0.091,0.434,0.467,0.93,1.0,0.573,0.561,0.199,0.124,angry
0.505,100.913,0,4,0.247,0.999,1.0,0.916,0.812,0.732,0.725,0.802,0.856,0.895,0.833,0.818,0.762,sad
0.639,124.882,1,10,0.674,0.695,0.864,1.0,0.869,0.795,0.781,0.702,0.612,0.682,0.909,0.872,0.804,happy
0.674,83.048,1,5,0.809,1.0,0.236,0.159,0.194,0.171,0.174,0.15,0.166,0.139,0.167,0.142,0.204,happy
0.954,191.059,1,6,0.264,0.886,0.873,0.824,0.85,1.0,0.838,0.789,0.7,0.602,0.498,0.566,0.694,happy
0.53,73.948,0,7,0.686,1.0,0.997,0.364,0.307,0.251,0.236,0.214,0.183,0.157,0.124,0.125,0.424,relaxed
0.87,155.772,1,5,0.609,0.13,0.126,0.361,0.453,0.147,0.151,0.291,1.0,0.79,0.184,0.178,0.14,happy
0.493,131.076,1,10,0.556,0.583,0.764,0.773,0.962,1.0,0.429,0.358,0.416,0.345,0.163,0.169,0.329,relaxed
0.0429,76.045,1,4,0.271,1.0,0.997,0.376,0.33,0.296,0.326,0.336,0.322,0.293,0.22,0.204,0.491,sad
0.983,174.273,0,4,0.122,0.842,0.922,0.746,0.644,0.827,0.805,0.683,0.83,0.85,1.0,0.81,0.918,angry
0.944,101.174,1,6,0.735,0.52,0.48,0.378,0.33,0.311,0.299,0.391,0.39,0.87,1.0,0.79,0.669,angry
0.272,120.298,0,10,0.0364,1.0,0.548,0.282,0.241,0.315,0.42,0.38,0.485,0.369,0.427,0.567,0.542,sad
0.956,176.217,1,9,0.238,0.079,0.017,0.031,0.045,0.02,0.03,0.029,0.219,0.205,0.041,0.714,1.0,angry
0.762,76.961,1,0,0.715,1.0,0.519,0.223,0.267,0.235,0.252,0.26,0.215,0.243,0.234,0.252,0.325,happy
0.521,123.118,1,2,0.942,0.916,1.0,0.59,0.526,0.551,0.55,0.443,0.311,0.247,0.328,0.284,0.458,angry
0.555,108.003,1,3,0.443,0.872,0.453,0.253,0.169,0.103,0.18,0.335,0.282,0.751,0.759,1.0,0.088,relaxed
0.781,122.938,0,5,0.764,1.0,0.966,0.908,0.814,0.704,0.565,0.57,0.552,0.56,0.474,0.395,0.42,happy
0.872,78.139,1,9,0.294,1.0,1.0,1.0,1.0,1.0,1.0,1.0,1.0,1.0,1.0,1.0,1.0,sad
0.101,143.204,1,0,0.119,1.0,0.896,0.538,0.516,0.545,0.605,0.62,0.579,0.519,0.556,0.572,0.278,relaxed
0.754,83.155,0,11,0.647,0.023,0.081,0.029,0.058,1.0,0.05,0.135,0.016,0.017,0.011,0.079,0.157,happy
0.608,124.543,1,6,0.622,0.936,0.491,0.555,0.571,0.507,0.543,0.723,0.488,1.0,0.845,0.975,0.231,relaxed
0.907,119.975,1,8,0.391,0.469,0.443,0.445,0.472,0.391,0.502,0.606,0.598,0.781,0.782,0.934,1.0,sad
0.278,79.215,1,0,0.113,0.396,0.159,0.111,0.102,0.1,0.066,0.067,0.108,0.061,0.125,0.393,1.0,sad
0.735,122.979,0,0,0.97,0.959,1.0,0.803,0.723,0.433,0.448,0.426,0.44,0.716,0.731,0.571,0.118,happy
0.983,134.975,0,11,0.271,0.817,0.805,0.516,0.375,0.471,1.0,0.884,0.63,0.566,0.691,0.757,0.792,angry
0.869,162.609,1,0,0.492,1.0,1.0,1.0,1.0,1.0,1.0,1.0,1.0,1.0,1.0,1.0,1.0,angry
0.84,109.072,1,5,0.64,1.0,0.917,0.745,0.657,0.558,0.566,0.571,0.497,0.402,0.299,0.337,0.916,happy
0.814,141.256,1,2,0.58,0.496,0.335,0.443,0.547,0.729,1.0,0.912,0.498,0.317,0.349,0.39,0.519,sad
0.427,71.514,1,6,0.36,0.497,1.0,0.65,0.181,0.222,0.433,0.502,0.49,0.423,0.273,0.358,0.337,sad
0.835,184.463,1,5,0.752,1.0,1.0,1.0,1.0,1.0,1.0,1.0,1.0,1.0,1.0,1.0,1.0,happy
0.976,143.988,0,4,0.404,0.591,1.0,0.288,0.029,0.071,0.148,0.079,0.069,0.07,0.04,0.018,0.36,angry
0.546,113.533,1,7,0.871,0.871,0.222,0.181,0.151,0.215,0.371,0.443,0.289,0.52,0.496,1.0,0.267,relaxed
0.599,96.547,0,9,0.541,1.0,0.982,0.359,0.318,0.289,0.286,0.274,0.253,0.229,0.19,0.19,0.405,sad
0.519,118.727,1,6,0.509,0.505,0.155,0.124,0.086,0.072,0.134,0.13,0.067,0.194,0.499,1.0,0.988,relaxed
0.173,72.103,1,8,0.365,0.612,0.952,0.839,0.792,0.999,1.0,0.961,0.945,0.787,0.771,0.516,0.043,sad
0.928,156.926,1,10,0.962,1.0,0.981,0.386,0.303,0.31,0.408,0.342,0.338,0.378,0.369,0.384,0.339,happy
0.449,125.956,0,10,0.357,0.794,1.0,0.564,0.422,0.469,0.509,0.434,0.456,0.497,0.621,0.935,0.804,relaxed
0.465,139.109,0,11,0.104,0.502,0.599,0.666,0.643,0.852,0.797,1.0,0.798,0.877,0.961,0.93,0.985,sad
0.151,181.775,0,0,0.263,1.0,0.954,0.832,0.648,0.524,0.528,0.519,0.511,0.514,0.54,0.583,0.58,sad
0.524,82.958,0,7,0.206,0.755,1.0,0.565,0.67,0.783,0.787,0.895,0.724,0.503,0.491,0.611,0.637,sad
0.345,104.737,1,8,0.542,1.0,0.907,0.844,0.669,0.705,0.607,0.461,0.388,0.323,0.283,0.307,0.402,happy
0.719,107.265,1,11,0.375,1.0,0.287,0.252,0.274,0.18,0.188,0.503,0.504,0.491,0.499,0.582,0.493,sad
0.945,104.684,1,0,0.803,0.84,0.706,0.777,0.743,0.461,0.344,0.412,0.456,0.919,0.841,1.0,0.895,happy
0.0571,88.656,1,7,0.69,0.216,0.111,0.107,0.092,0.076,0.116,0.12,0.099,0.138,0.273,1.0,0.919,relaxed
0.88,144.985,1,6,0.58,1.0,0.902,0.176,0.178,0.146,0.126,0.123,0.108,0.094,0.076,0.074,0.214,happy
0.522,123.465,1,0,0.485,0.578,0.543,0.626,0.386,0.39,0.407,0.767,0.814,1.0,0.984,0.548,0.429,happy
0.743,108.254,1,7,0.832,0.349,0.335,0.369,0.374,0.418,0.386,0.416,0.55,0.617,0.762,0.846,1.0,happy
0.893,135.862,1,6,0.248,0.926,1.0,0.462,0.543,0.492,0.351,0.254,0.245,0.235,0.215,0.178,0.381,happy
0.85,179.305,0,11,0.517,0.79,0.822,0.854,0.964,0.808,0.662,0.651,0.713,1.0,0.865,0.756,0.654,angry
0.285,120.277,0,9,0.175,0.894,0.265,0.317,0.162,0.22,0.315,0.306,1.0,0.409,0.199,0.166,0.135,sad
0.729,120.022,1,7,0.758,0.427,0.84,0.6,0.281,0.634,0.431,1.0,0.638,0.89,0.814,0.477,0.235,relaxed
0.634,130.061,1,5,0.0941,0.429,0.409,0.946,0.638,0.244,0.206,0.322,1.0,0.762,0.235,0.144,0.259,relaxed
0.828,108.07,0,5,0.802,0.874,1.0,0.877,0.701,0.607,0.565,0.456,0.37,0.421,0.28,0.22,0.664,relaxed
0.0871,112.321,1,0,0.164,0.368,0.094,0.109,0.084,0.294,1.0,0.097,0.131,0.127,0.152,0.102,0.1,sad
0.647,135.96,1,0,0.422,1.0,0.895,0.507,0.468,0.5,0.639,0.689,0.581,0.513,0.422,0.395,0.694,relaxed
0.626,96.494,1,5,0.762,1.0,0.875,0.424,0.37,0.231,0.22,0.226,0.199,0.347,0.34,0.452,0.109,sad
0.301,121.694,1,0,0.808,0.127,0.099,0.238,0.17,0.113,0.518,0.522,0.103,0.097,0.092,0.886,1.0,happy
0.806,121.488,1,5,0.929,1.0,0.916,0.693,0.681,0.547,0.545,0.412,0.413,0.327,0.327,0.285,0.059,happy
0.39,80.148,1,8,0.679,0.62,0.691,0.87,1.0,0.898,0.996,0.931,0.679,0.447,0.355,0.296,0.42,relaxed
0.811,139.619,1,7,0.821,1.0,0.983,0.566,0.739,0.594,0.588,0.538,0.686,0.596,0.655,0.736,0.814,happy
0.625,137.764,0,1,0.524,0.361,1.0,0.711,0.846,0.409,0.831,0.661,0.654,0.79,0.629,0.373,0.465,angry
0.907,129.489,1,2,0.699,0.966,1.0,0.31,0.312,0.472,0.473,0.625,0.629,0.743,0.745,0.807,0.04,angry
0.55,143.546,0,11,0.887,1.0,0.995,0.479,0.476,0.492,0.508,0.515,0.482,0.506,0.503,0.515,0.179,happy
0.946,153.429,1,2,0.305,0.424,0.244,0.145,0.16,0.201,0.329,0.685,0.904,0.41,0.688,1.0,0.611,angry
0.231,103.543,1,9,0.231,0.004,0.007,0.002,0.003,0.021,0.03,0.216,0.056,0.02,1.0,0.105,0.003,sad
0.914,110.078,1,5,0.144,1.0,0.446,0.239,0.277,0.192,0.371,0.297,0.232,0.223,0.155,0.177,0.555,angry
0.941,144.04,1,0,0.414,0.005,0.006,0.016,0.011,1.0,0.018,0.019,0.156,0.009,0.006,0.004,0.018,sad
0.324,180.182,1,7,0.486,1.0,0.763,0.052,0.027,0.024,0.036,0.03,0.02,0.02,0.023,0.022,0.234,relaxed
0.579,129.684,0,0,0.806,0.607,0.909,1.0,0.711,0.585,0.451,0.765,0.758,0.775,0.553,0.806,0.631,happy
0.898,109.89,1,7,0.419,0.634,0.231,0.174,0.179,0.995,1.0,0.432,0.442,0.142,0.143,0.121,0.078,happy
0.0583,69.754,1,2,0.0348,1.0,0.355,0.217,0.204,0.025,0.038,0.081,0.068,0.218,0.222,0.416,0.065,sad
0.647,153.932,1,11,0.567,1.0,0.559,0.542,0.542,0.469,0.468,0.283,0.282,0.306,0.306,0.245,0.199,relaxed
0.987,156.049,1,4,0.0395,1.0,1.0,1.0,1.0,1.0,1.0,1.0,1.0,1.0,1.0,1.0,1.0,angry
0.995,98.027,0,1,0.111,1.0,0.565,0.332,0.632,0.544,0.645,0.515,0.422,0.921,0.412,0.426,0.454,angry
0.233,124.14,0,2,0.492,0.521,0.365,0.204,0.189,0.159,0.499,0.603,0.216,0.282,0.399,1.0,0.69,relaxed
0.997,112.523,1,7,0.0419,1.0,0.237,0.276,0.235,0.335,0.254,0.228,0.754,0.434,0.378,0.315,0.293,angry
0.949,129.984,1,2,0.233,1.0,1.0,1.0,1.0,1.0,1.0,1.0,1.0,1.0,1.0,1.0,1.0,angry
0.507,166.469,1,1,0.227,0.693,0.318,0.245,0.268,0.152,0.136,0.293,0.319,0.892,0.899,1.0,0.092,sad
0.951,128.536,1,0,0.683,0.676,0.086,0.101,0.055,0.096,0.24,0.241,0.109,0.049,0.056,0.041,1.0,angry
0.743,101.451,1,11,0.962,0.499,0.468,0.105,0.173,0.135,0.312,0.288,0.117,0.094,0.104,0.103,1.0,happy
0.698,133.107,0,4,0.36,0.885,1.0,0.636,0.546,0.469,0.517,0.564,0.512,0.502,0.378,0.4,0.57,sad
0.753,98.064,1,0,0.578,1.0,0.95,0.678,0.698,0.529,0.586,0.487,0.421,0.3,0.252,0.276,0.192,relaxed
0.503,166.477,1,4,0.57,0.983,1.0,0.685,0.661,0.658,0.714,0.633,0.585,0.588,0.558,0.531,0.253,relaxed
0.411,84.944,1,1,0.412,0.644,0.556,0.555,0.59,0.585,0.679,0.816,0.975,0.922,1.0,0.955,0.947,sad
0.587,129.954,0,4,0.544,1.0,0.493,0.343,0.317,0.275,0.198,0.201,0.272,0.267,0.299,0.39,0.464,happy
0.968,130.093,1,0,0.706,1.0,0.338,0.294,0.273,0.547,0.291,0.24,0.254,0.341,0.719,0.3,0.404,happy
0.88,107.705,1,2,0.543,0.268,0.343,0.269,0.253,1.0,0.423,0.278,0.24,0.419,0.224,0.229,0.356,angry
0.617,157.748,1,9,0.881,1.0,1.0,1.0,1.0,1.0,1.0,1.0,1.0,1.0,1.0,1.0,1.0,happy
0.548,129.321,1,2,0.759,0.063,0.104,1.0,0.097,0.108,0.078,0.094,0.026,0.042,0.357,0.064,0.054,happy
0.83,164.175,0,4,0.483,1.0,1.0,1.0,1.0,1.0,1.0,1.0,1.0,1.0,1.0,1.0,1.0,angry
0.576,172.893,0,9,0.586,0.157,0.235,1.0,0.183,0.069,0.082,0.312,0.235,0.128,0.176,0.08,0.3,relaxed
0.14,73.108,0,2,0.329,1.0,0.811,0.168,0.176,0.311,0.306,0.477,0.456,0.636,0.663,0.815,0.331,relaxed
0.939,95.884,1,7,0.63,0.738,1.0,0.738,0.736,0.756,0.751,0.67,0.668,0.708,0.708,0.533,0.224,angry
0.944,153.45,1,9,0.572,1.0,0.951,0.652,0.663,0.59,0.597,0.574,0.574,0.579,0.682,0.59,0.12,angry
0.297,126.528,1,5,0.584,1.0,1.0,1.0,1.0,1.0,1.0,1.0,1.0,1.0,1.0,1.0,1.0,happy
0.452,127.546,0,10,0.205,0.056,0.084,0.837,0.334,0.054,0.152,0.088,1.0,0.464,0.036,0.02,0.115,sad
0.733,119.891,1,0,0.49,0.385,0.696,0.643,0.663,1.0,0.956,0.956,0.935,0.546,0.567,0.174,0.044,sad
0.522,147.745,1,8,0.236,1.0,0.986,0.855,0.798,0.748,0.752,0.669,0.646,0.461,0.481,0.282,0.35,sad
0.681,101.997,1,7,0.927,0.752,0.748,0.361,0.427,0.633,0.895,1.0,0.704,0.606,0.486,0.532,0.168,happy
0.889,123.736,1,0,0.924,1.0,0.856,0.582,0.571,0.481,0.47,0.415,0.421,0.391,0.391,0.367,0.031,happy
0.991,118.089,1,0,0.217,1.0,0.72,0.276,0.198,0.182,0.17,0.27,0.483,0.406,0.416,0.381,0.499,angry
0.831,152.127,0,1,0.161,0.914,1.0,0.977,0.87,0.885,0.916,0.869,0.81,0.777,0.619,0.491,0.42,sad
0.903,107.023,0,1,0.542,0.179,0.162,0.131,0.121,0.532,0.163,0.181,0.112,0.232,0.122,0.306,1.0,happy
0.0133,118.237,1,0,0.589,0.021,0.021,0.05,0.024,0.005,0.007,0.027,0.167,0.098,1.0,0.419,0.028,relaxed
0.788,81.949,1,5,0.657,0.907,0.804,0.908,0.826,0.497,1.0,0.467,0.467,0.541,0.436,0.553,0.54,sad
0.606,77.528,0,11,0.862,0.322,0.674,0.138,0.05,0.278,0.264,0.834,1.0,0.367,0.131,0.039,0.096,relaxed
0.562,88.58,0,5,0.355,0.926,1.0,0.107,0.078,0.041,0.043,0.029,0.023,0.013,0.017,0.014,0.182,relaxed
0.915,118.769,1,4,0.518,0.985,1.0,0.443,0.416,0.349,0.305,0.244,0.185,0.201,0.121,0.127,0.772,angry
0.954,178.043,0,1,0.933,1.0,0.945,0.765,0.815,0.704,0.732,0.697,0.583,0.533,0.547,0.542,0.24,happy
0.808,137.875,1,7,0.236,1.0,0.39,0.443,0.453,0.683,0.229,0.26,0.748,0.307,0.297,0.281,0.345,sad
0.73,113.639,1,0,0.18,0.588,1.0,0.95,0.934,0.907,0.906,0.346,0.344,0.186,0.184,0.459,0.307,sad
0.765,97.844,1,0,0.398,0.929,1.0,0.619,0.593,0.744,0.724,0.535,0.667,0.34,0.328,0.411,0.139,angry
0.87,107.45,1,0,0.791,0.904,1.0,0.695,0.67,0.61,0.53,0.403,0.414,0.601,0.606,0.913,0.391,happy
0.411,171.401,1,0,0.237,1.0,0.965,0.514,0.506,0.509,0.509,0.518,0.527,0.529,0.528,0.52,0.107,sad
0.666,100.846,1,0,0.595,1.0,0.914,0.048,0.011,0.011,0.012,0.023,0.197,0.093,0.029,0.158,0.042,happy
0.977,183.916,0,2,0.337,0.074,0.089,0.168,0.092,0.297,0.092,0.085,0.462,0.364,1.0,0.108,0.076,angry
0.947,96.165,0,11,0.135,1.0,0.937,0.202,0.192,0.185,0.196,0.191,0.186,0.154,0.108,0.11,0.223,angry
0.54,97.023,1,7,0.465,0.471,0.455,0.24,0.222,0.416,0.473,0.443,0.411,0.689,1.0,0.801,0.399,sad
0.843,140.055,0,1,0.332,0.539,0.765,0.644,0.766,0.626,0.747,1.0,0.635,0.456,0.373,0.671,0.343,angry
0.33,72.61,1,5,0.311,0.278,0.148,0.005,0.005,0.016,0.03,0.044,0.01,0.011,1.0,0.477,0.022,relaxed
0.921,142.554,1,2,0.574,1.0,0.918,0.5,0.498,0.533,0.558,0.6,0.612,0.621,0.619,0.591,0.109,sad
0.399,131.6,1,2,0.516,0.954,0.984,1.0,0.964,0.872,0.604,0.417,0.307,0.38,0.424,0.481,0.693,sad
0.908,149.963,1,9,0.622,1.0,0.889,0.265,0.359,0.425,0.468,0.453,0.375,0.459,0.497,0.636,0.46,happy
0.4,135.999,0,0,0.218,1.0,0.557,0.506,0.441,0.44,0.524,0.495,0.538,0.492,0.6,0.681,0.654,relaxed
0.733,152.129,0,11,0.791,0.077,0.154,0.086,0.073,0.401,1.0,0.486,0.155,0.121,0.049,0.056,0.07,sad
0.423,150.077,1,9,0.327,1.0,0.564,0.477,0.459,0.339,0.315,0.514,0.448,0.428,0.39,0.227,0.154,relaxed
0.824,114.512,1,2,0.777,0.324,0.271,0.458,0.336,0.395,1.0,0.253,0.284,0.201,0.177,0.152,0.154,happy
0.285,85.861,0,2,0.402,1.0,0.987,0.143,0.103,0.084,0.091,0.11,0.108,0.095,0.072,0.066,0.164,relaxed
0.325,98.932,1,0,0.496,0.94,1.0,0.915,0.775,0.66,0.587,0.51,0.485,0.572,0.709,0.775,0.845,sad
0.452,89.972,1,0,0.35,0.451,0.576,1.0,0.842,0.532,0.883,0.425,0.534,0.635,0.418,0.564,0.848,angry
0.745,81.009,0,6,0.244,1.0,1.0,1.0,1.0,1.0,1.0,1.0,1.0,1.0,1.0,1.0,1.0,sad
0.789,120.047,1,1,0.749,1.0,0.603,0.229,0.266,0.322,0.105,0.283,0.354,0.296,0.356,0.131,0.238,happy
0.64,101.931,0,3,0.822,1.0,1.0,1.0,1.0,1.0,1.0,1.0,1.0,1.0,1.0,1.0,1.0,happy
0.355,116.263,1,2,0.0791,0.217,0.552,0.564,0.56,1.0,0.987,0.663,0.655,0.161,0.149,0.14,0.102,sad
0.672,113.066,1,5,0.812,1.0,0.992,0.424,0.38,0.35,0.351,0.336,0.314,0.299,0.258,0.249,0.462,happy
0.223,98.246,0,6,0.486,1.0,0.895,0.519,0.534,0.416,0.368,0.333,0.313,0.307,0.289,0.374,0.553,sad
0.751,89.839,1,9,0.789,0.328,0.409,0.814,1.0,0.502,0.36,0.145,0.156,0.156,0.147,0.152,0.208,angry
0.981,185.138,1,7,0.478,1.0,0.889,0.587,0.366,0.327,0.407,0.46,0.482,0.611,0.703,0.828,0.999,angry
0.743,166.268,1,9,0.722,0.861,1.0,0.618,0.609,0.74,0.723,0.81,0.8,0.779,0.778,0.702,0.22,happy
0.997,108.623,1,8,0.039,1.0,0.875,0.246,0.241,0.547,0.539,0.179,0.272,0.724,0.524,0.787,0.866,angry
0.564,90.392,0,6,0.351,1.0,1.0,1.0,1.0,1.0,1.0,1.0,1.0,1.0,1.0,1.0,1.0,relaxed
0.673,136.077,0,9,0.683,0.712,1.0,0.836,0.829,0.768,0.764,0.902,0.902,0.803,0.802,0.654,0.577,happy
0.992,104.184,0,10,0.287,0.5,1.0,0.985,0.99,0.954,0.86,0.885,0.893,0.952,0.977,0.662,0.248,angry
0.914,155.588,1,7,0.685,1.0,0.962,0.599,0.617,0.627,0.601,0.56,0.524,0.503,0.484,0.507,0.285,angry
0.993,116.461,1,6,0.378,0.353,0.677,0.649,0.481,0.541,1.0,0.695,0.563,0.482,0.763,0.686,0.437,angry
0.681,105.055,0,11,0.317,0.85,1.0,0.816,0.591,0.522,0.566,0.455,0.396,0.362,0.342,0.263,0.204,sad
0.582,75.974,0,11,0.0382,0.614,0.702,0.72,0.762,0.704,0.823,0.885,1.0,0.814,0.705,0.612,0.489,angry
0.278,132.032,0,4,0.137,1.0,0.694,0.501,0.318,0.679,0.761,0.35,0.206,0.541,0.306,0.667,0.357,sad
0.656,95.531,1,1,0.697,1.0,0.965,0.327,0.281,0.248,0.24,0.218,0.194,0.178,0.149,0.145,0.369,relaxed
0.997,157.047,1,9,0.107,1.0,0.189,0.164,0.163,0.181,0.157,0.607,0.592,0.596,0.562,0.596,0.523,angry
0.545,76.037,1,2,0.611,1.0,0.893,0.89,0.876,0.852,0.855,0.378,0.359,0.373,0.367,0.11,0.1,relaxed
0.3,126.114,0,10,0.179,0.033,0.056,0.141,0.294,1.0,0.263,0.076,0.038,0.027,0.012,0.018,0.027,sad
0.468,84.293,1,1,0.747,1.0,0.681,0.456,0.428,0.256,0.254,0.198,0.219,0.276,0.229,0.286,0.027,sad
0.723,129.096,1,0,0.648,0.829,0.741,0.484,0.27,0.334,0.534,1.0,0.99,0.477,0.881,0.476,0.775,happy
0.654,120.322,1,3,0.383,0.013,0.021,0.037,1.0,0.03,0.018,0.01,0.047,0.01,0.043,0.089,0.014,happy
0.35,137.3,0,0,0.682,0.432,1.0,0.374,0.395,0.357,0.386,0.418,0.245,0.262,0.273,0.237,0.426,sad
0.818,97.06,1,7,0.826,0.993,1.0,0.89,0.71,0.672,0.652,0.593,0.494,0.472,0.577,0.665,0.664,happy
0.643,76.979,1,0,0.387,0.99,1.0,0.399,0.37,0.337,0.338,0.325,0.296,0.267,0.213,0.202,0.421,happy
0.809,94.786,1,5,0.512,1.0,1.0,1.0,1.0,1.0,1.0,1.0,1.0,1.0,1.0,1.0,1.0,relaxed
0.965,161.138,1,8,0.695,1.0,0.766,0.402,0.353,0.281,0.298,0.207,0.191,0.194,0.235,0.223,0.586,happy
0.904,176.002,1,11,0.629,0.372,0.563,0.508,0.397,0.318,0.359,0.433,0.275,0.127,0.487,0.883,1.0,angry
0.97,87.968,1,1,0.157,0.455,0.444,0.667,1.0,0.678,0.432,0.455,0.406,0.352,0.715,0.891,0.722,angry
0.783,90.998,1,2,0.17,0.993,0.985,0.902,0.765,0.896,0.941,0.887,1.0,0.793,0.857,0.89,0.763,angry
0.871,165.02,1,7,0.372,0.244,0.139,0.136,0.091,0.064,0.169,0.171,0.083,0.121,0.222,0.868,1.0,angry
0.824,110.202,0,4,0.794,1.0,0.741,0.132,0.13,0.102,0.157,0.163,0.126,0.123,0.122,0.212,0.46,angry
0.534,99.983,1,2,0.261,1.0,0.146,0.068,0.035,0.282,0.515,0.126,0.036,0.033,0.035,0.02,0.201,relaxed
0.914,106.242,1,9,0.782,0.353,0.258,0.206,0.251,0.472,1.0,0.998,0.244,0.18,0.217,0.291,0.446,angry
0.211,97.569,1,1,0.0391,1.0,1.0,1.0,1.0,1.0,1.0,1.0,1.0,1.0,1.0,1.0,1.0,sad
0.717,115.384,0,6,0.789,1.0,1.0,1.0,1.0,1.0,1.0,1.0,1.0,1.0,1.0,1.0,1.0,happy
0.977,93.986,1,2,0.415,0.845,0.723,0.779,0.947,0.735,0.683,0.79,0.762,0.741,0.889,0.793,1.0,angry
0.492,95.073,0,1,0.143,1.0,0.965,0.59,0.675,0.71,0.818,0.861,0.715,0.657,0.53,0.502,0.566,sad
0.707,115.174,1,7,0.786,0.349,1.0,0.357,0.22,0.729,0.202,0.355,0.2,0.227,0.756,0.389,0.183,happy
0.555,119.98,0,7,0.0763,1.0,0.772,0.315,0.204,0.19,0.311,0.429,0.692,0.433,0.378,0.381,0.528,sad
0.511,123.311,0,6,0.258,0.34,0.393,0.441,0.212,0.341,0.811,1.0,0.288,0.179,0.222,0.556,0.754,relaxed
0.85,155.972,0,11,0.648,0.078,0.028,0.072,0.038,1.0,0.248,0.165,0.112,0.025,0.022,0.035,0.093,relaxed
0.123,75.805,1,0,0.243,1.0,0.835,0.154,0.131,0.094,0.053,0.066,0.072,0.077,0.067,0.119,0.382,relaxed
0.456,101.889,0,6,0.224,0.599,0.383,0.277,0.163,0.26,0.245,0.257,0.415,1.0,0.777,0.432,0.697,angry
0.362,137.929,1,1,0.301,0.477,0.503,0.229,0.183,0.188,0.182,0.124,0.276,0.215,0.198,0.319,1.0,sad
0.951,127.423,0,0,0.551,0.615,0.847,0.962,1.0,0.782,0.889,0.848,0.815,0.692,0.484,0.532,0.615,angry
0.862,91.006,1,8,0.81,1.0,1.0,1.0,1.0,1.0,1.0,1.0,1.0,1.0,1.0,1.0,1.0,happy
0.934,170.007,1,0,0.765,0.897,1.0,0.349,0.383,0.318,0.673,0.414,0.423,0.347,0.226,0.185,0.637,happy
0.762,105.038,0,7,0.417,1.0,0.919,0.105,0.119,0.14,0.17,0.159,0.166,0.171,0.172,0.188,0.185,sad
0.428,92.993,0,0,0.151,0.778,0.633,0.334,0.309,0.532,0.55,0.854,0.869,1.0,0.981,0.942,0.133,relaxed
0.238,89.616,1,10,0.322,1.0,0.758,0.259,0.148,0.276,0.247,0.408,0.462,0.692,0.644,0.717,0.282,relaxed
0.529,155.856,1,5,0.458,1.0,0.983,0.719,0.724,0.73,0.712,0.671,0.663,0.601,0.598,0.512,0.013,happy
0.709,105.822,1,9,0.897,0.674,0.825,0.793,0.75,1.0,0.927,0.707,0.787,0.893,0.706,0.865,0.742,happy
0.869,127.329,0,11,0.445,0.374,0.266,0.484,0.221,0.323,0.266,0.879,0.281,0.246,0.284,0.236,1.0,sad
0.726,122.962,1,10,0.381,0.446,1.0,0.005,0.004,0.003,0.004,0.011,0.01,0.015,0.017,0.065,0.006,relaxed
0.573,79.075,1,9,0.45,0.006,0.005,0.034,0.014,0.004,0.004,0.005,1.0,0.262,0.005,0.004,0.019,sad
0.715,106.145,1,5,0.639,0.056,0.056,1.0,0.04,0.042,0.108,0.027,0.298,0.012,0.129,0.038,0.014,sad
0.377,128.067,1,5,0.247,0.304,0.327,0.643,0.32,0.561,1.0,0.222,0.316,0.176,0.079,0.265,0.294,sad
0.898,170.05,1,2,0.624,0.793,0.747,0.782,0.742,0.797,0.832,0.744,0.649,0.744,0.709,0.587,1.0,happy
0.426,80.908,0,9,0.28,0.129,0.688,0.709,0.671,1.0,0.963,0.291,0.286,0.037,0.031,0.021,0.096,relaxed
0.704,169.119,1,8,0.682,0.123,0.092,0.082,0.077,0.062,0.412,0.417,0.062,0.066,0.08,0.885,1.0,sad
0.813,167.851,1,1,0.233,0.414,0.566,1.0,0.752,0.278,0.236,0.386,0.745,0.648,0.292,0.411,0.49,sad
0.705,149.959,0,9,0.39,0.86,0.865,0.95,0.926,0.96,0.899,0.904,0.994,1.0,0.979,0.984,0.959,happy
0.844,90.852,1,4,0.511,0.951,1.0,0.574,0.536,0.474,0.46,0.402,0.344,0.337,0.285,0.269,0.493,relaxed
0.851,97.005,0,4,0.582,1.0,0.905,0.516,0.473,0.406,0.313,0.374,0.457,0.423,0.367,0.352,0.822,sad
0.382,137.87,0,9,0.143,0.867,1.0,0.909,0.643,0.504,0.585,0.935,0.614,0.633,0.592,0.54,0.586,sad
0.594,88.647,1,5,0.304,0.48,0.586,0.258,0.246,0.355,0.336,0.982,1.0,0.971,0.98,0.415,0.089,relaxed
0.477,201.271,1,4,0.248,0.423,0.468,0.701,1.0,0.868,0.806,0.613,0.304,0.386,0.297,0.858,0.827,relaxed
0.911,117.533,0,5,0.85,0.967,0.808,0.255,0.235,0.16,0.235,0.15,0.19,1.0,0.624,0.16,0.535,happy
0.313,141.147,1,5,0.358,1.0,0.911,0.664,0.662,0.588,0.574,0.496,0.493,0.438,0.446,0.378,0.058,relaxed
0.818,100.833,1,0,0.972,0.504,0.686,1.0,0.871,0.722,0.803,0.769,0.569,0.703,0.752,0.468,0.507,happy
0.0537,67.046,1,3,0.039,1.0,0.876,0.267,0.168,0.137,0.266,0.275,0.182,0.214,0.293,0.225,0.436,relaxed
0.76,169.945,1,3,0.487,0.842,0.895,0.868,0.737,0.834,1.0,0.922,0.816,0.745,0.854,0.836,0.844,relaxed
0.852,111.987,0,4,0.629,1.0,0.983,0.364,0.326,0.3,0.317,0.315,0.302,0.271,0.229,0.209,0.454,relaxed
0.386,87.398,0,4,0.509,0.344,0.374,0.307,0.442,0.968,1.0,0.774,0.251,0.289,0.273,0.269,0.238,sad
0.412,132.986,0,4,0.282,0.949,1.0,0.498,0.537,0.498,0.523,0.507,0.482,0.413,0.246,0.116,0.217,sad
0.395,185.265,1,1,0.312,0.533,1.0,0.377,0.314,0.467,0.345,0.359,0.437,0.398,0.403,0.498,0.555,sad
0.681,114.966,1,7,0.323,1.0,0.856,0.419,0.275,0.257,0.264,0.203,0.114,0.171,0.263,0.252,0.528,relaxed
0.744,128.002,1,2,0.244,1.0,1.0,1.0,1.0,1.0,1.0,1.0,1.0,1.0,1.0,1.0,1.0,angry
0.483,89.883,1,7,0.638,0.909,0.509,0.26,0.13,0.107,0.63,0.553,0.099,0.067,0.093,0.202,1.0,happy
0.876,133.925,1,0,0.169,0.901,1.0,0.335,0.288,0.224,0.294,0.202,0.119,0.201,0.225,0.355,0.247,happy
0.77,107.781,0,11,0.668,1.0,0.748,0.281,0.339,0.296,0.256,0.245,0.218,0.471,0.524,0.698,0.168,angry
0.997,146.336,0,1,0.303,0.462,1.0,0.364,0.695,0.447,0.677,0.731,0.554,0.487,0.333,0.33,0.263,angry
0.909,177.948,1,6,0.797,0.414,0.233,0.175,0.183,0.157,0.196,0.286,0.268,0.118,0.087,0.194,1.0,happy
0.929,127.059,1,2,0.539,1.0,0.755,0.476,0.513,0.705,0.746,0.733,0.644,0.854,0.88,0.884,0.133,angry
0.933,75.724,1,0,0.611,1.0,0.983,0.502,0.508,0.569,0.569,0.598,0.579,0.572,0.579,0.631,0.16,happy
0.808,95.841,0,1,0.54,0.079,0.049,0.035,0.026,0.02,0.027,0.041,0.265,1.0,0.894,0.393,0.145,angry
0.632,102.404,1,9,0.457,0.702,0.691,0.671,0.767,0.929,0.707,0.67,0.775,0.963,0.962,1.0,0.991,sad
0.193,73.982,0,10,0.115,0.211,0.059,0.082,0.07,0.092,0.227,0.15,0.041,0.037,0.236,1.0,0.919,relaxed
0.969,129.953,1,6,0.964,0.978,1.0,0.31,0.289,0.224,0.303,0.232,0.26,0.265,0.297,0.274,0.314,happy
0.895,133.917,1,7,0.452,0.511,0.577,0.641,0.704,0.716,0.756,0.72,0.667,0.705,0.805,0.845,1.0,happy
0.95,130.677,1,2,0.0814,0.843,0.863,0.409,0.538,0.467,0.41,0.478,0.635,0.517,0.429,0.306,1.0,sad
0.893,170.407,1,7,0.513,0.896,1.0,0.444,0.357,0.436,0.533,0.724,0.669,0.739,0.757,0.79,0.07,angry
0.934,127.288,0,7,0.286,1.0,0.842,0.279,0.275,0.171,0.256,0.337,0.349,0.281,0.285,0.436,0.55,angry
0.66,107.791,0,9,0.0742,1.0,0.989,0.625,0.599,0.576,0.575,0.563,0.55,0.54,0.518,0.512,0.284,sad
0.638,80.028,1,9,0.234,0.3,0.412,0.542,0.607,0.849,0.659,0.437,0.255,0.332,1.0,0.385,0.17,relaxed
0.379,85.934,1,0,0.208,0.58,0.743,0.634,0.524,0.799,0.952,1.0,0.975,0.672,0.686,0.414,0.129,sad
0.973,168.051,0,10,0.297,0.988,1.0,0.413,0.369,0.336,0.365,0.368,0.35,0.319,0.265,0.233,0.51,angry
0.415,90.954,1,1,0.712,0.669,1.0,0.769,0.741,0.386,0.401,0.44,0.407,0.178,0.169,0.44,0.139,happy
0.285,83.858,1,8,0.38,1.0,0.896,0.724,0.567,0.546,0.496,0.412,0.351,0.362,0.42,0.487,0.568,sad
0.788,113.622,1,10,0.113,0.609,0.585,0.714,0.618,0.766,0.517,0.619,1.0,0.748,0.459,0.331,0.31,sad
0.69,73.279,1,5,0.492,0.605,0.779,0.765,0.751,0.717,0.703,0.995,1.0,0.947,0.962,0.52,0.528,sad
0.465,94.731,1,7,0.341,0.404,0.347,0.339,1.0,0.523,0.575,0.303,0.252,0.199,0.264,0.595,0.386,relaxed
0.893,169.292,0,8,0.511,1.0,1.0,1.0,1.0,1.0,1.0,1.0,1.0,1.0,1.0,1.0,1.0,angry
0.277,137.128,0,4,0.165,0.493,0.391,0.665,0.522,0.477,0.633,0.602,0.468,0.434,0.553,1.0,0.528,sad
0.278,81.992,1,0,0.501,0.843,0.936,0.827,0.726,0.721,0.742,0.967,0.877,0.781,0.892,0.835,1.0,relaxed
0.227,182.91,0,2,0.137,0.218,0.3,0.688,0.207,0.546,1.0,0.165,0.196,0.181,0.619,0.153,0.204,sad
0.871,108.501,0,1,0.936,1.0,1.0,1.0,1.0,1.0,1.0,1.0,1.0,1.0,1.0,1.0,1.0,happy
0.305,116.804,1,0,0.0566,1.0,0.853,0.52,0.438,0.377,0.394,0.439,0.458,0.511,0.519,0.638,0.889,sad
0.805,120.021,0,4,0.886,0.133,0.128,0.053,0.047,0.118,0.142,0.119,0.127,0.115,1.0,0.471,0.12,happy
0.639,129.939,1,0,0.524,1.0,1.0,1.0,1.0,1.0,1.0,1.0,1.0,1.0,1.0,1.0,1.0,relaxed
0.524,163.979,1,9,0.465,0.166,0.16,0.181,0.195,0.339,0.737,1.0,0.991,0.651,0.179,0.222,0.193,happy
0.986,107.749,1,7,0.151,1.0,0.771,0.564,0.29,0.246,0.51,0.522,0.332,0.283,0.281,0.253,0.947,angry
0.95,92.555,1,8,0.33,0.472,0.374,0.254,0.229,0.515,0.607,0.934,0.848,1.0,0.991,0.77,0.131,angry
0.186,146.413,1,8,0.393,0.244,0.981,0.218,1.0,0.447,0.115,0.076,0.079,0.089,0.098,0.295,0.069,relaxed
0.156,79.224,1,10,0.133,1.0,0.622,0.254,0.253,0.252,0.369,0.288,0.815,0.554,0.165,0.166,0.363,relaxed
0.358,117.045,0,11,0.156,0.859,0.894,0.973,0.463,0.599,1.0,0.39,0.564,0.472,0.635,0.484,0.32,relaxed
0.801,133.763,1,0,0.776,1.0,1.0,1.0,1.0,1.0,1.0,1.0,1.0,1.0,1.0,1.0,1.0,angry
0.985,127.834,1,3,0.135,0.325,0.273,0.268,0.404,0.384,0.388,1.0,0.523,0.402,0.541,0.715,0.502,angry
0.224,91.908,1,10,0.178,1.0,0.716,0.562,0.519,0.282,0.284,0.902,0.933,0.851,0.886,0.739,0.766,sad
0.28,104.526,1,10,0.436,0.979,1.0,0.794,0.581,0.453,0.285,0.225,0.408,0.611,0.742,0.765,0.821,relaxed
0.81,109.235,1,1,0.254,0.306,0.274,0.332,0.221,0.338,0.388,0.316,0.296,0.236,0.277,1.0,0.906,sad
0.524,73.895,1,4,0.118,1.0,0.663,0.281,0.358,0.291,0.285,0.355,0.334,0.469,0.455,0.581,0.21,sad
0.982,198.017,0,4,0.43,0.181,0.241,0.281,0.294,1.0,0.204,0.118,0.146,0.111,0.203,0.2,0.245,angry
0.253,142.093,1,11,0.597,1.0,0.983,0.292,0.211,0.235,0.307,0.278,0.197,0.169,0.144,0.082,0.336,relaxed
0.607,148.046,1,5,0.648,0.237,0.624,1.0,0.347,0.149,0.123,0.157,0.022,0.048,0.292,0.037,0.021,happy
0.684,133.0,1,7,0.961,0.967,0.904,0.854,0.854,0.83,0.913,0.942,0.998,1.0,0.934,0.85,0.741,happy
0.762,109.995,0,11,0.332,0.239,0.278,0.425,0.274,0.515,0.354,0.64,0.392,1.0,0.412,0.722,0.31,relaxed
0.431,96.01,1,9,0.37,0.493,0.094,0.032,0.021,0.014,0.303,0.292,0.022,0.054,0.015,0.062,1.0,relaxed
0.913,115.715,0,6,0.422,0.924,0.69,0.477,0.459,0.683,1.0,0.906,0.701,0.589,0.457,0.39,0.328,angry
0.486,73.354,0,7,0.812,0.931,0.781,0.649,0.55,0.507,0.601,0.75,0.876,0.97,0.935,1.0,0.973,relaxed
0.939,117.978,1,0,0.621,0.345,0.252,0.151,0.206,0.191,0.36,0.239,0.315,0.197,0.556,1.0,0.804,happy
0.314,115.32,1,7,0.0384,0.4,0.715,0.907,0.697,0.551,1.0,0.648,0.352,0.394,0.284,0.385,0.335,relaxed
0.768,116.026,0,4,0.698,1.0,0.808,0.366,0.321,0.404,0.412,0.531,0.502,0.412,0.383,0.605,0.376,happy
0.79,91.435,1,8,0.531,0.527,0.313,0.474,0.183,0.162,0.295,0.297,0.12,0.25,0.281,0.93,1.0,sad
0.424,91.812,1,2,0.173,0.594,0.565,0.757,0.484,0.252,0.341,0.669,0.931,1.0,0.723,0.661,0.532,sad
0.957,153.944,1,8,0.933,0.029,0.022,0.037,0.027,0.074,0.67,0.12,0.058,0.224,0.571,1.0,0.108,happy
0.931,141.19,1,9,0.0696,1.0,0.889,0.24,0.282,0.185,0.139,0.12,0.186,0.104,0.088,0.09,0.239,angry
0.391,123.538,1,9,0.744,1.0,0.674,0.478,0.474,0.481,0.478,0.412,0.365,0.518,0.507,0.762,0.188,sad
0.61,108.008,1,7,0.587,0.119,0.094,0.056,0.088,0.181,0.083,0.134,0.155,0.493,1.0,0.493,0.634,relaxed
0.725,157.929,1,8,0.551,0.987,1.0,0.222,0.289,0.256,0.242,0.26,0.2,0.292,0.207,0.189,0.288,relaxed
0.735,105.045,0,4,0.143,0.496,0.679,0.688,0.641,0.746,0.598,0.882,0.848,0.835,0.869,0.821,1.0,sad
0.903,146.086,0,9,0.792,0.07,0.051,0.074,0.063,0.045,0.435,0.184,0.159,0.15,0.181,1.0,0.158,happy
0.718,79.619,0,8,0.141,0.791,0.151,0.065,0.088,0.097,0.165,0.315,0.197,0.536,0.51,1.0,0.716,sad
0.507,142.582,1,10,0.237,1.0,1.0,1.0,1.0,1.0,1.0,1.0,1.0,1.0,1.0,1.0,1.0,sad
0.755,104.925,1,3,0.617,1.0,1.0,1.0,1.0,1.0,1.0,1.0,1.0,1.0,1.0,1.0,1.0,happy
0.85,157.992,1,1,0.524,1.0,0.717,0.232,0.187,0.169,0.124,0.132,0.124,0.155,0.146,0.153,0.29,relaxed
0.325,167.843,1,9,0.042,0.29,0.489,0.584,0.428,1.0,0.288,0.226,0.393,0.143,0.138,0.289,0.365,sad
0.712,101.636,1,7,0.258,0.396,0.598,0.865,0.911,0.938,0.894,0.856,1.0,0.677,0.544,0.555,0.494,relaxed
0.449,87.493,0,11,0.581,0.97,1.0,0.988,0.916,0.886,0.906,0.88,0.832,0.807,0.718,0.699,0.674,happy
0.593,100.971,1,9,0.531,0.025,0.019,0.012,0.027,0.146,0.071,0.096,0.241,0.538,1.0,0.344,0.072,relaxed
0.964,153.924,1,1,0.236,1.0,0.979,0.706,0.693,0.675,0.669,0.655,0.648,0.634,0.627,0.613,0.409,happy
0.771,95.623,0,4,0.752,0.931,1.0,0.531,0.441,0.438,0.427,0.347,0.435,0.481,0.435,0.432,0.54,happy
0.935,135.005,1,7,0.232,0.967,1.0,0.141,0.127,0.204,0.25,0.391,0.348,0.535,0.531,0.693,0.106,happy
0.755,133.771,1,9,0.847,0.659,0.761,0.888,0.9,0.836,1.0,0.91,0.813,0.753,0.829,0.757,0.644,happy
0.444,156.174,1,2,0.6,0.636,0.204,0.045,0.036,0.046,0.124,0.097,0.039,0.041,0.033,0.174,1.0,sad
0.987,189.859,1,8,0.377,0.96,1.0,0.953,0.86,0.874,0.873,0.789,0.721,0.737,0.705,0.621,0.559,angry
0.215,138.087,0,10,0.19,0.968,0.659,0.53,0.54,0.51,0.986,1.0,0.379,0.329,0.51,0.621,0.707,relaxed
0.309,110.005,0,9,0.117,0.705,0.677,0.513,0.588,0.737,1.0,0.963,0.797,0.782,0.883,0.821,0.953,sad
0.522,92.095,1,10,0.422,0.081,0.044,0.151,0.024,0.027,0.108,0.021,0.029,0.026,0.069,1.0,0.115,sad
0.346,117.081,0,6,0.0633,0.72,0.701,0.577,0.576,0.513,0.606,0.683,0.962,1.0,0.966,0.959,0.813,relaxed
0.775,151.201,1,9,0.661,0.874,0.992,0.496,0.529,0.412,0.41,0.56,1.0,0.655,0.478,0.502,0.604,angry
0.487,116.89,1,10,0.612,0.031,0.025,0.082,0.018,0.032,0.191,0.036,0.016,0.025,0.023,1.0,0.139,sad
0.733,132.038,1,4,0.737,1.0,0.973,0.702,0.36,0.201,0.119,0.096,0.08,0.083,0.087,0.065,0.774,happy
0.859,128.964,0,9,0.311,1.0,1.0,1.0,1.0,1.0,1.0,1.0,1.0,1.0,1.0,1.0,1.0,angry
0.545,144.443,1,7,0.369,1.0,0.978,0.589,0.556,0.531,0.533,0.53,0.533,0.533,0.512,0.5,0.243,relaxed
0.842,110.37,0,10,0.727,0.985,1.0,0.957,0.856,0.787,0.795,0.785,0.745,0.705,0.633,0.635,0.62,sad
0.928,149.975,1,4,0.982,0.973,0.95,0.586,0.279,0.263,0.333,0.255,0.256,0.348,0.42,0.781,1.0,happy
0.965,141.59,1,9,0.574,0.816,1.0,0.604,0.517,0.399,0.399,0.19,0.279,0.408,0.276,0.192,0.384,happy
0.781,178.65,1,2,0.51,0.093,0.144,0.085,0.033,0.009,0.012,0.237,1.0,0.385,0.013,0.01,0.028,angry
0.936,106.147,1,10,0.247,1.0,0.919,0.749,0.457,0.389,0.484,0.745,0.481,0.484,0.505,0.729,0.558,angry
0.22,86.438,0,2,0.0394,0.912,1.0,0.769,0.675,0.662,0.573,0.725,0.646,0.678,0.696,0.928,0.656,relaxed
0.987,163.944,0,7,0.621,1.0,1.0,1.0,1.0,1.0,1.0,1.0,1.0,1.0,1.0,1.0,1.0,angry
0.803,157.488,1,4,0.39,1.0,0.626,0.3,0.118,0.124,0.035,0.149,0.045,0.042,0.139,0.084,0.462,happy
0.999,103.924,1,1,0.146,0.327,1.0,0.431,0.576,0.482,0.578,0.556,0.539,0.595,0.532,0.499,0.425,angry
0.596,92.068,0,6,0.457,0.998,1.0,0.087,0.122,0.239,0.243,0.148,0.082,0.051,0.047,0.053,0.103,relaxed
0.898,119.998,0,9,0.688,1.0,0.839,0.384,0.264,0.147,0.133,0.317,0.394,0.302,0.121,0.104,0.531,happy
0.264,130.587,1,10,0.218,0.891,1.0,0.273,0.209,0.195,0.193,0.193,0.175,0.149,0.111,0.103,0.441,relaxed
0.163,128.061,1,0,0.124,0.001,0.008,0.001,0.001,0.045,0.001,0.001,0.003,0.005,1.0,0.003,0.002,relaxed
0.599,137.035,0,10,0.788,0.964,0.877,0.662,0.752,0.687,0.684,0.838,0.874,0.685,0.782,0.82,1.0,happy
0.881,132.59,1,7,0.262,1.0,1.0,1.0,1.0,1.0,1.0,1.0,1.0,1.0,1.0,1.0,1.0,sad
0.115,78.8,1,9,0.0472,0.358,0.453,0.36,0.318,0.738,0.339,0.265,0.204,0.404,1.0,0.34,0.346,relaxed
0.664,121.633,1,1,0.901,1.0,1.0,0.926,0.803,0.746,0.774,0.754,0.717,0.689,0.585,0.538,0.528,happy
0.954,183.958,1,1,0.54,0.095,0.167,0.136,0.123,0.275,0.405,0.791,0.834,0.388,0.124,1.0,0.536,angry
0.416,199.517,1,4,0.353,0.347,0.238,0.231,0.19,0.472,1.0,0.246,0.156,0.146,0.184,0.151,0.147,happy
0.715,139.993,1,2,0.339,1.0,0.734,0.052,0.027,0.13,0.633,0.025,0.024,0.022,0.029,0.011,0.123,sad
0.133,116.456,1,7,0.653,0.015,0.039,0.008,0.009,0.02,0.195,1.0,0.145,0.026,0.039,0.03,0.021,relaxed
0.887,130.636,1,5,0.76,0.538,1.0,0.701,0.358,0.372,0.314,0.346,0.461,0.641,0.436,0.285,0.27,angry
0.422,137.955,0,7,0.316,0.22,0.117,1.0,0.131,0.093,0.137,0.202,0.132,0.046,0.115,0.085,0.084,relaxed
0.792,122.074,1,7,0.13,0.425,1.0,0.508,0.526,0.416,0.528,0.362,0.374,0.399,0.307,0.17,0.163,sad
0.87,159.055,1,9,0.583,1.0,0.894,0.307,0.311,0.297,0.296,0.269,0.206,0.145,0.086,0.063,0.272,happy
0.807,176.647,0,9,0.334,0.627,0.807,1.0,0.88,0.581,0.476,0.501,0.415,0.505,0.619,0.512,0.484,sad
0.803,79.18,1,1,0.138,0.861,0.973,1.0,0.916,0.808,0.744,0.638,0.515,0.42,0.311,0.251,0.253,sad
0.555,100.211,1,11,0.487,0.546,0.435,0.52,0.484,0.294,0.41,0.484,0.302,0.59,0.531,0.743,1.0,happy
0.563,137.752,0,9,0.175,0.542,1.0,0.859,0.871,0.584,0.581,0.448,0.442,0.561,0.516,0.541,0.474,sad
0.938,146.334,0,6,0.665,0.74,0.868,0.92,0.705,0.962,0.714,0.828,0.843,0.778,0.724,0.875,1.0,happy
0.84,128.011,1,0,0.893,0.193,1.0,0.346,0.114,0.096,0.112,0.104,0.097,0.11,0.11,0.106,0.062,happy
0.375,89.986,1,7,0.296,0.032,0.226,0.04,0.101,0.1,0.066,0.029,0.044,0.21,1.0,0.235,0.049,happy
0.919,166.367,1,5,0.572,1.0,0.639,0.318,0.235,0.285,0.433,0.311,0.369,0.417,0.393,0.529,0.472,angry
0.803,114.559,1,11,0.145,1.0,0.963,0.776,0.743,0.904,0.741,0.545,0.648,0.544,0.611,0.611,0.64,sad
0.867,128.005,1,7,0.336,0.44,0.499,0.589,0.533,0.715,0.761,1.0,0.945,0.929,0.929,0.649,0.423,sad
0.697,128.928,1,0,0.672,0.863,0.935,0.601,0.67,0.609,0.643,0.772,0.996,1.0,0.938,0.906,0.858,happy
0.951,144.969,0,1,0.634,0.655,0.541,0.695,1.0,0.493,0.517,0.621,0.721,0.805,0.474,0.539,0.543,happy
0.922,147.955,1,11,0.752,0.734,0.79,0.84,1.0,0.933,0.904,0.827,0.944,0.771,0.748,0.639,0.924,relaxed
0.412,145.79,1,5,0.124,0.105,0.208,0.257,0.224,0.296,0.476,0.698,1.0,0.708,0.365,0.373,0.29,sad
0.797,111.369,1,7,0.643,0.659,0.682,0.507,0.44,0.623,1.0,0.793,0.802,0.73,0.643,0.646,0.173,happy
0.398,80.001,0,7,0.337,1.0,0.769,0.207,0.107,0.1,0.17,0.252,0.294,0.325,0.343,0.418,0.591,relaxed
0.332,108.229,1,3,0.267,0.95,1.0,0.38,0.358,0.326,0.349,0.39,0.323,0.261,0.158,0.096,0.231,sad
0.789,124.013,1,1,0.946,0.203,0.163,0.05,0.453,0.373,0.08,0.097,0.046,0.769,1.0,0.255,0.021,happy
0.624,174.513,0,10,0.961,1.0,1.0,1.0,1.0,1.0,1.0,1.0,1.0,1.0,1.0,1.0,1.0,happy
0.801,120.409,0,4,0.891,0.076,0.048,0.104,0.069,0.039,0.046,0.055,1.0,0.5,0.072,0.034,0.048,sad
0.923,96.535,0,11,0.44,1.0,0.506,0.163,0.104,0.323,0.337,0.264,0.134,0.167,0.165,0.112,0.928,angry
0.522,123.074,0,7,0.254,0.683,0.652,0.306,0.196,0.143,0.185,0.181,0.191,1.0,0.389,0.113,0.347,relaxed
0.177,150.873,1,8,0.353,0.932,0.365,0.333,0.363,0.486,0.349,0.811,0.815,0.737,0.741,1.0,0.899,relaxed
0.679,126.867,1,2,0.971,1.0,1.0,1.0,1.0,1.0,1.0,1.0,1.0,1.0,1.0,1.0,1.0,happy
0.922,98.631,0,4,0.801,0.214,0.305,0.143,0.213,1.0,0.238,0.062,0.095,0.138,0.137,0.061,0.283,happy
0.7,129.94,1,8,0.899,0.374,0.397,0.409,0.23,0.176,0.215,0.168,1.0,0.54,0.256,0.25,0.256,happy
0.893,129.977,1,0,0.639,0.689,0.991,0.711,1.0,0.618,0.486,0.328,0.235,0.228,0.381,0.245,0.408,happy
0.745,101.972,1,2,0.481,0.409,1.0,0.221,0.13,0.08,0.113,0.175,0.112,0.089,0.07,0.071,0.106,happy
0.0636,101.517,1,0,0.282,0.952,0.441,0.423,0.422,0.396,0.387,1.0,0.998,0.883,0.883,0.876,0.831,sad
0.701,120.005,1,6,0.739,0.812,0.929,0.763,0.705,0.726,0.674,0.807,0.869,0.808,1.0,0.803,0.961,happy
0.62,150.944,1,9,0.816,0.072,0.123,1.0,0.159,0.43,0.308,0.74,0.213,0.319,0.517,0.155,0.078,happy
0.148,150.544,1,0,0.651,0.188,0.276,0.392,0.422,0.261,0.305,0.284,1.0,0.588,0.197,0.148,0.179,sad
0.997,122.489,1,8,0.068,0.188,0.19,0.282,0.798,1.0,0.532,0.298,0.383,0.118,0.263,0.268,0.164,angry
0.702,137.097,1,4,0.302,1.0,0.743,0.565,0.429,0.378,0.525,0.467,0.39,0.366,0.381,0.682,0.981,angry
0.386,148.46,0,1,0.1,0.123,0.28,0.292,0.876,0.37,1.0,0.267,0.886,0.371,0.208,0.435,0.335,sad
0.428,102.104,1,2,0.196,0.953,1.0,0.744,0.724,0.847,0.813,0.881,0.885,0.84,0.841,0.692,0.056,sad
0.662,97.064,1,8,0.817,0.73,0.618,0.725,0.733,0.361,0.261,0.29,0.93,0.981,0.671,0.597,1.0,happy
0.685,129.271,1,4,0.194,0.504,0.635,0.538,0.525,0.865,0.819,1.0,0.999,0.903,0.92,0.575,0.053,angry
0.667,91.017,0,2,0.243,0.302,0.284,0.269,0.255,0.249,0.262,0.258,0.296,0.516,1.0,0.489,0.215,relaxed
0.99,130.732,1,4,0.431,0.483,0.353,1.0,0.332,0.166,0.199,0.243,0.936,0.328,0.47,0.322,0.832,angry
0.251,146.327,1,0,0.426,0.728,0.727,1.0,0.772,0.707,0.782,0.879,0.873,0.673,0.868,0.836,0.831,relaxed
0.63,126.941,0,11,0.935,0.269,0.547,0.513,0.521,1.0,0.974,0.562,0.572,0.122,0.141,0.16,0.114,happy
0.98,104.084,1,10,0.396,0.066,0.093,0.313,0.04,0.025,0.413,0.051,0.018,0.022,0.151,1.0,0.089,angry
0.902,155.526,1,8,0.768,1.0,0.987,0.714,0.695,0.681,0.681,0.671,0.664,0.658,0.643,0.637,0.457,happy
0.969,163.535,0,4,0.564,0.998,0.784,0.381,0.352,0.312,0.407,0.469,0.277,0.286,0.268,0.425,1.0,angry
0.655,102.16,0,9,0.963,1.0,0.961,0.236,0.201,0.174,0.16,0.133,0.149,0.18,0.208,0.202,0.341,angry
0.533,94.376,0,9,0.524,0.579,0.419,1.0,0.99,0.632,0.829,0.467,0.522,0.373,0.464,0.484,0.437,angry
0.658,171.483,0,7,0.206,1.0,0.976,0.975,0.931,0.893,0.958,0.948,0.89,0.818,0.648,0.497,0.344,sad
0.502,109.919,0,5,0.0966,0.13,0.058,0.121,0.038,0.047,0.17,1.0,0.193,0.11,0.284,0.347,0.106,sad
0.526,95.23,1,2,0.811,0.637,0.546,0.56,0.561,0.503,0.577,0.807,0.999,1.0,0.882,0.714,0.541,relaxed
0.984,142.919,1,9,0.688,1.0,0.994,0.483,0.552,0.372,0.308,0.341,0.381,0.429,0.628,0.895,0.927,angry
0.548,127.012,0,11,0.962,0.585,1.0,0.549,0.17,0.16,0.119,0.15,0.083,0.076,0.025,0.017,0.321,relaxed
0.192,113.296,1,7,0.203,0.966,1.0,0.301,0.234,0.199,0.189,0.158,0.113,0.083,0.054,0.021,0.341,relaxed
0.823,121.968,1,8,0.147,0.089,0.155,0.333,1.0,0.165,0.238,0.159,0.481,0.133,0.179,0.355,0.076,angry
0.907,101.862,1,7,0.807,0.956,1.0,0.664,0.66,0.704,0.706,0.605,0.258,0.355,0.353,0.875,0.547,angry
0.923,106.266,0,11,0.569,0.486,1.0,0.67,0.671,0.411,0.374,0.414,0.406,0.182,0.252,0.455,0.334,angry
0.45,116.853,1,11,0.0955,0.418,0.387,0.408,0.445,0.541,0.499,0.784,0.646,0.695,0.541,0.378,1.0,relaxed
0.903,110.029,0,6,0.961,0.698,1.0,0.678,0.636,0.768,0.823,0.639,0.665,0.384,0.383,0.271,0.166,happy
0.662,87.119,0,4,0.825,1.0,0.935,0.163,0.141,0.125,0.117,0.104,0.103,0.108,0.091,0.082,0.216,angry
0.0379,97.713,1,0,0.104,0.333,0.196,0.331,0.231,0.116,0.209,0.18,1.0,0.424,0.098,0.139,0.129,sad
0.479,92.801,0,4,0.581,1.0,0.927,0.015,0.027,0.023,0.027,0.022,0.019,0.02,0.03,0.055,0.084,relaxed
0.958,137.829,1,1,0.0368,0.603,0.438,0.536,0.638,1.0,0.936,0.921,0.347,0.449,0.644,0.302,0.728,angry
0.611,121.836,1,0,0.916,0.961,1.0,0.631,0.702,0.719,0.696,0.755,0.458,0.56,0.512,0.53,0.492,happy
0.429,118.037,1,5,0.857,0.662,0.711,0.6,0.416,0.522,1.0,0.612,0.544,0.602,0.514,0.588,0.639,happy
0.895,166.125,0,0,0.561,0.833,0.673,0.779,0.605,0.583,0.578,0.624,0.725,0.686,0.713,0.747,1.0,happy
0.413,119.243,1,10,0.746,0.725,1.0,0.447,0.471,0.338,0.299,0.297,0.329,0.394,0.157,0.526,0.678,happy
0.309,122.039,1,1,0.426,1.0,0.986,0.585,0.556,0.575,0.558,0.563,0.556,0.543,0.546,0.516,0.147,relaxed
0.978,122.822,1,8,0.46,0.461,1.0,0.188,0.1,0.065,0.246,0.094,0.123,0.533,0.203,0.127,0.095,sad
0.552,180.755,1,9,0.387,0.401,0.556,0.737,0.511,0.819,0.54,0.442,0.621,1.0,0.901,0.515,0.335,happy
0.754,148.692,1,2,0.402,1.0,0.316,0.281,0.278,0.12,0.119,0.911,0.908,0.908,0.913,0.914,0.847,happy
0.977,94.987,1,0,0.457,0.538,0.807,0.765,0.409,0.302,0.21,0.367,0.187,0.203,1.0,0.419,0.284,angry
0.159,98.939,1,10,0.499,0.801,0.972,0.877,0.944,0.93,1.0,0.961,0.897,0.808,0.583,0.429,0.73,happy
0.743,110.157,1,2,0.468,0.134,0.563,0.158,0.206,1.0,0.248,0.098,0.131,0.232,0.978,0.132,0.069,sad
0.673,169.07,1,9,0.826,0.241,0.204,0.214,0.183,0.269,1.0,0.143,0.121,0.124,0.132,0.132,0.134,happy
0.38,82.04,1,7,0.12,0.632,0.641,0.293,0.372,0.608,1.0,0.99,0.542,0.988,0.773,0.788,0.563,relaxed
0.17,83.872,1,9,0.0883,1.0,0.827,0.693,0.404,0.366,0.602,0.79,0.87,0.836,0.734,0.69,0.704,relaxed
0.467,119.938,1,0,0.522,1.0,0.996,0.6,0.582,0.572,0.594,0.559,0.583,0.542,0.545,0.559,0.27,relaxed
0.0137,178.396,0,4,0.203,0.722,1.0,0.266,0.227,0.241,0.272,0.282,0.595,0.356,0.205,0.173,0.418,sad
0.617,147.989,1,0,0.189,0.071,0.171,1.0,0.155,0.109,0.292,0.228,0.812,0.192,0.056,0.057,0.254,sad
0.944,94.47,0,10,0.181,0.184,0.264,0.345,0.368,0.386,1.0,0.926,0.57,0.592,0.357,0.588,0.188,angry
0.545,111.407,0,11,0.654,0.95,1.0,0.821,0.677,0.654,0.675,0.714,0.783,0.825,0.826,0.943,0.947,angry
0.797,89.274,1,11,0.802,0.042,0.007,0.007,0.006,0.004,0.004,0.007,0.004,0.009,0.008,0.029,1.0,relaxed
0.669,134.026,1,7,0.825,0.23,0.214,0.173,0.117,0.131,0.131,0.352,0.968,1.0,0.842,0.532,0.311,happy
0.371,149.956,0,6,0.251,0.93,0.818,1.0,0.591,0.57,0.279,0.174,0.476,0.319,0.22,0.147,0.323,sad
0.419,110.446,0,5,0.529,0.906,1.0,0.373,0.34,0.408,0.42,0.279,0.278,0.261,0.203,0.203,0.373,relaxed
0.948,172.189,1,0,0.416,0.551,1.0,0.949,0.459,0.373,0.533,0.27,0.187,0.237,0.178,0.149,0.406,angry
0.94,135.541,1,2,0.35,0.909,0.794,0.922,0.76,0.723,0.72,0.842,0.739,0.795,0.755,0.723,1.0,happy
0.525,160.033,0,0,0.223,0.756,1.0,0.648,0.606,0.655,0.683,0.532,0.526,0.356,0.366,0.261,0.11,sad
0.381,130.674,1,2,0.383,0.996,1.0,0.575,0.528,0.506,0.507,0.487,0.466,0.466,0.45,0.446,0.608,happy
0.704,140.629,1,7,0.656,0.915,1.0,0.867,0.89,0.97,0.911,0.426,0.387,0.173,0.145,0.269,0.16,angry
0.92,164.23,1,9,0.739,0.985,1.0,0.582,0.461,0.412,0.373,0.323,0.3,0.33,0.341,0.398,0.702,happy
0.737,114.881,0,8,0.85,1.0,0.978,0.281,0.236,0.208,0.206,0.201,0.173,0.164,0.148,0.17,0.335,happy
0.863,75.48,1,0,0.47,1.0,1.0,1.0,1.0,1.0,1.0,1.0,1.0,1.0,1.0,1.0,1.0,angry
0.883,147.142,0,9,0.69,0.752,1.0,0.882,0.873,0.793,0.644,0.94,0.906,0.756,0.993,0.647,0.162,happy
0.951,147.871,0,9,0.617,1.0,0.852,0.07,0.056,0.074,0.06,0.071,0.06,0.074,0.055,0.029,0.034,angry
0.703,108.469,1,6,0.801,0.976,1.0,0.287,0.239,0.185,0.146,0.12,0.096,0.071,0.045,0.027,0.282,relaxed
0.929,175.448,1,9,0.65,0.719,0.793,0.955,0.983,0.861,1.0,0.896,0.607,0.578,0.541,0.685,0.679,happy
0.445,122.891,1,6,0.489,0.262,1.0,0.247,0.29,0.165,0.219,0.18,0.114,0.159,0.081,0.1,0.152,relaxed
0.468,141.463,0,0,0.0763,0.829,1.0,0.969,0.706,0.464,0.36,0.524,0.539,0.482,0.31,0.333,0.43,angry
0.976,137.31,0,3,0.0671,1.0,0.467,0.304,0.306,0.309,0.456,0.44,0.339,0.298,0.322,0.397,0.489,angry
0.458,120.299,0,1,0.779,0.191,0.216,0.154,0.107,0.194,0.198,0.242,1.0,0.295,0.171,0.067,0.138,relaxed
0.831,76.352,1,7,0.766,0.886,1.0,0.215,0.178,0.18,0.177,0.32,0.334,0.576,0.497,0.575,0.267,angry
0.929,127.059,1,2,0.539,1.0,0.755,0.476,0.513,0.705,0.746,0.733,0.644,0.854,0.88,0.884,0.133,angry
0.45,144.025,0,1,0.291,0.928,1.0,0.344,0.249,0.19,0.17,0.21,0.216,0.142,0.125,0.173,0.339,relaxed
0.623,151.847,1,4,0.683,1.0,0.995,0.563,0.531,0.498,0.51,0.487,0.47,0.461,0.418,0.426,0.604,happy
0.597,117.24,0,6,0.26,0.336,0.313,0.329,0.38,0.302,0.464,0.439,0.112,0.076,0.266,0.175,1.0,sad
0.946,88.828,0,9,0.53,1.0,0.463,0.085,0.025,0.019,0.043,0.04,0.04,0.022,0.03,0.016,0.393,angry
0.239,77.042,0,3,0.0378,1.0,0.989,0.448,0.412,0.395,0.403,0.375,0.346,0.345,0.312,0.278,0.443,sad
0.706,93.968,1,2,0.681,1.0,0.968,0.198,0.232,0.22,0.25,0.261,0.254,0.231,0.174,0.15,0.142,happy
0.0466,138.054,1,3,0.133,0.523,0.176,0.07,0.118,0.135,0.085,0.134,0.143,0.145,0.086,0.093,1.0,sad
0.24,145.826,0,3,0.0797,0.819,0.401,0.326,0.276,0.432,1.0,0.715,0.194,0.692,0.546,0.475,0.833,relaxed
0.323,95.08,1,1,0.556,1.0,1.0,1.0,1.0,1.0,1.0,1.0,1.0,1.0,1.0,1.0,1.0,happy
0.425,111.129,0,7,0.0789,0.134,0.131,0.282,0.282,0.167,0.261,0.625,1.0,0.921,0.402,0.238,0.147,sad
0.599,96.942,0,7,0.649,0.393,0.201,1.0,0.166,0.97,0.659,0.256,0.76,0.157,0.475,0.105,0.775,happy
0.838,96.165,1,10,0.527,1.0,0.407,0.228,0.261,0.197,0.19,0.18,0.198,0.245,0.189,0.09,0.957,sad
0.665,129.899,1,0,0.862,1.0,0.757,0.305,0.303,0.209,0.199,0.15,0.161,0.088,0.084,0.457,0.049,angry
0.593,117.423,0,6,0.145,0.189,0.112,0.265,0.234,0.163,0.214,0.256,1.0,0.989,0.263,0.231,0.164,sad
0.0448,81.426,1,4,0.22,1.0,0.263,0.096,0.122,0.097,0.071,0.075,0.068,0.048,0.048,0.038,0.158,relaxed
0.608,80.182,1,7,0.526,0.491,0.397,1.0,0.157,0.846,0.187,0.421,0.365,0.14,0.609,0.135,0.764,relaxed
0.938,163.036,1,8,0.43,0.679,0.797,1.0,0.766,0.477,0.399,0.444,0.513,0.477,0.752,0.933,0.801,sad
0.425,120.475,0,9,0.0893,1.0,0.948,0.08,0.057,0.048,0.032,0.036,0.033,0.026,0.022,0.017,0.172,sad
0.795,112.223,1,1,0.947,0.874,0.927,0.687,0.64,0.606,0.754,0.879,0.987,1.0,0.777,0.66,0.76,happy
0.0518,173.432,1,0,0.275,0.515,0.489,0.465,0.453,0.416,0.543,0.632,0.588,0.491,0.708,1.0,0.867,relaxed
0.975,140.985,0,0,0.424,1.0,0.929,0.488,0.512,0.617,0.595,0.773,0.733,0.754,0.656,0.659,0.183,happy
0.595,137.993,0,11,0.745,0.135,0.63,0.631,0.623,1.0,0.999,0.588,0.578,0.111,0.093,0.088,0.086,relaxed
0.901,144.97,0,4,0.482,1.0,0.786,0.751,0.602,0.387,0.458,0.367,0.241,0.432,0.442,0.697,0.257,happy
0.215,88.334,1,5,0.11,1.0,0.294,0.501,0.372,0.19,0.584,0.552,0.241,0.239,0.186,0.166,0.755,sad
0.0199,143.349,1,5,0.0414,0.2,0.213,0.2,0.171,0.116,0.443,0.33,0.222,0.239,0.301,1.0,0.744,sad
0.915,147.559,1,7,0.621,0.49,0.269,0.227,0.213,0.517,1.0,0.312,0.129,0.145,0.177,0.163,0.168,happy
0.793,175.294,0,11,0.582,0.918,1.0,0.15,0.111,0.079,0.099,0.094,0.09,0.074,0.069,0.093,0.176,angry
0.905,83.886,1,1,0.655,0.727,0.477,0.185,0.113,0.116,0.196,0.323,0.262,0.243,0.288,1.0,0.323,sad
0.502,197.944,1,2,0.154,0.778,0.273,0.109,0.076,0.096,0.297,0.617,0.361,0.756,0.746,1.0,0.157,relaxed
0.748,138.2,0,2,0.33,0.742,1.0,0.829,0.716,0.322,0.351,0.555,0.627,0.62,0.583,0.158,0.157,sad
0.121,85.337,1,7,0.168,1.0,0.599,0.037,0.042,0.038,0.126,0.133,0.031,0.048,0.021,0.069,0.953,sad
0.298,180.925,1,9,0.0367,0.575,0.648,0.596,0.627,0.868,0.748,0.747,0.872,0.855,0.939,1.0,0.907,relaxed
0.0497,83.902,1,7,0.164,1.0,0.916,0.163,0.132,0.101,0.077,0.052,0.04,0.035,0.03,0.03,0.182,relaxed
0.46,132.503,1,7,0.861,0.231,0.193,0.238,0.23,0.133,0.159,0.531,1.0,0.901,0.343,0.118,0.195,relaxed
0.987,109.641,1,8,0.122,0.982,1.0,0.572,0.589,0.656,0.613,0.635,0.617,0.624,0.595,0.595,0.059,angry
0.961,188.256,1,11,0.267,1.0,0.939,0.199,0.173,0.183,0.154,0.092,0.117,0.173,0.186,0.126,0.281,angry
0.748,124.031,1,0,0.725,1.0,0.561,0.418,0.393,0.611,0.62,0.169,0.184,0.342,0.359,0.419,0.066,happy
0.601,131.218,1,0,0.0859,0.137,0.127,0.109,0.118,0.209,0.449,0.226,1.0,0.955,0.373,0.164,0.137,relaxed
0.742,89.748,1,5,0.897,1.0,0.998,0.211,0.181,0.157,0.156,0.144,0.121,0.099,0.071,0.059,0.266,happy
0.981,140.079,1,6,0.234,0.038,0.139,1.0,0.13,0.009,0.011,0.008,0.034,0.02,0.021,0.006,0.124,angry
0.258,105.974,1,2,0.0403,0.949,1.0,0.371,0.286,0.23,0.245,0.268,0.224,0.242,0.192,0.189,0.583,relaxed
0.693,94.588,1,0,0.802,0.329,0.276,0.252,0.347,0.369,1.0,0.916,0.262,0.129,0.111,0.059,0.078,happy
0.568,105.326,0,6,0.877,0.864,1.0,0.83,0.82,0.869,0.891,0.994,0.967,0.947,0.943,0.435,0.425,happy
0.939,137.382,1,8,0.963,1.0,0.994,0.756,0.73,0.713,0.716,0.704,0.694,0.683,0.663,0.65,0.499,angry
0.834,95.053,0,1,0.894,0.712,1.0,0.452,0.356,0.256,0.631,0.335,0.362,0.92,0.337,0.691,0.82,happy
0.933,179.985,1,5,0.167,0.206,0.12,1.0,0.142,0.082,0.384,0.25,0.895,0.506,0.306,0.195,0.207,angry
0.166,132.057,1,10,0.0376,0.989,1.0,0.564,0.507,0.455,0.439,0.406,0.394,0.417,0.423,0.391,0.533,sad
0.55,91.99,1,2,0.187,1.0,0.952,0.606,0.605,0.587,0.568,0.535,0.541,0.526,0.519,0.472,0.133,relaxed
0.916,110.007,0,10,0.904,1.0,0.633,0.288,0.25,0.367,0.368,0.749,0.72,0.971,0.945,0.906,0.148,happy
0.659,95.685,0,2,0.304,1.0,1.0,1.0,1.0,1.0,1.0,1.0,1.0,1.0,1.0,1.0,1.0,sad
0.536,130.068,1,6,0.608,1.0,0.54,0.292,0.269,0.189,0.332,0.396,0.231,0.417,0.41,0.607,0.378,happy
0.13,146.98,0,4,0.0397,0.107,0.028,0.071,0.099,1.0,0.025,0.014,0.099,0.012,0.021,0.007,0.08,sad
0.782,131.79,0,0,0.149,0.222,0.197,0.177,0.238,1.0,0.466,0.19,0.182,0.185,0.229,0.207,0.215,sad
0.447,117.784,1,1,0.729,0.892,1.0,0.946,0.926,0.963,0.955,0.888,0.767,0.707,0.752,0.74,0.751,relaxed
0.63,137.402,0,7,0.571,0.333,1.0,0.03,0.079,0.23,0.626,0.125,0.052,0.042,0.052,0.033,0.122,happy
0.391,116.567,1,7,0.213,1.0,0.795,0.584,0.588,0.631,0.649,0.336,0.312,0.337,0.394,0.394,0.305,relaxed
0.698,139.673,1,7,0.774,1.0,0.702,0.109,0.082,0.07,0.093,0.087,0.057,0.088,0.082,0.121,0.339,relaxed
0.945,96.997,0,3,0.278,0.424,0.258,0.287,0.409,0.344,0.614,0.546,0.378,0.324,1.0,0.944,0.561,angry
0.179,106.81,1,8,0.174,0.318,0.01,0.006,0.02,0.014,0.475,0.012,0.02,1.0,0.018,0.016,0.025,relaxed
0.809,111.963,1,4,0.232,0.636,0.724,1.0,0.815,0.835,0.721,0.786,0.809,0.66,0.82,0.714,0.818,relaxed
0.1,77.551,1,3,0.0907,0.855,0.249,0.185,0.308,0.259,0.341,0.212,0.205,0.367,0.338,0.16,1.0,sad
0.828,156.804,0,8,0.228,0.584,0.696,0.908,0.688,0.678,0.759,0.898,0.79,0.91,1.0,0.926,0.907,angry
0.638,156.663,1,4,0.937,1.0,1.0,1.0,1.0,1.0,1.0,1.0,1.0,1.0,1.0,1.0,1.0,happy
0.574,81.082,0,6,0.363,0.958,1.0,0.752,0.445,0.384,0.573,0.664,0.388,0.201,0.18,0.136,0.099,relaxed
0.794,74.79,1,1,0.698,0.671,1.0,0.123,0.009,0.008,0.013,0.005,0.016,0.118,0.077,0.25,0.046,happy
0.819,113.913,1,1,0.405,0.608,0.395,0.376,0.411,0.432,0.485,0.51,0.601,1.0,0.702,0.436,0.406,sad
0.566,120.012,1,3,0.148,0.403,0.333,0.486,1.0,0.378,0.347,0.692,0.476,0.509,0.602,0.378,0.673,relaxed
0.903,99.972,1,2,0.582,0.76,0.706,1.0,0.957,0.64,0.691,0.986,0.546,0.882,0.596,0.594,0.649,angry
0.628,132.0,1,11,0.45,1.0,1.0,1.0,1.0,1.0,1.0,1.0,1.0,1.0,1.0,1.0,1.0,happy
0.991,98.349,1,7,0.156,0.222,0.137,0.209,0.529,0.223,0.152,0.158,0.475,1.0,0.429,0.346,0.274,angry
0.589,157.147,0,4,0.778,0.735,0.688,0.682,0.673,0.572,0.571,0.994,0.995,0.999,1.0,0.658,0.655,happy
0.851,144.015,0,0,0.649,1.0,0.295,0.133,0.145,0.147,0.064,0.074,0.288,0.088,0.109,0.206,0.485,sad
0.457,109.814,1,9,0.16,1.0,0.845,0.614,0.343,0.353,0.723,0.409,0.415,0.381,0.427,0.711,0.717,relaxed
0.823,148.068,1,8,0.323,1.0,1.0,1.0,1.0,1.0,1.0,1.0,1.0,1.0,1.0,1.0,1.0,angry
0.969,101.84,1,1,0.248,0.541,0.591,0.549,0.587,0.7,1.0,0.921,0.806,0.829,0.369,0.381,0.495,angry
0.51,140.879,1,8,0.461,0.974,1.0,0.463,0.436,0.488,0.519,0.581,0.572,0.578,0.578,0.606,0.14,relaxed
0.923,108.697,1,7,0.829,0.131,0.156,0.142,0.155,0.235,0.767,1.0,0.59,0.308,0.264,0.207,0.136,happy
0.9,120.006,1,8,0.95,0.162,0.12,0.3,0.193,0.105,0.162,0.182,1.0,0.5,0.103,0.049,0.592,happy
0.868,150.056,1,2,0.848,1.0,0.994,0.796,0.75,0.641,0.569,0.632,0.63,0.58,0.59,0.567,0.42,happy
0.444,107.414,1,8,0.275,0.526,1.0,0.056,0.027,0.01,0.025,0.007,0.006,0.023,0.022,0.08,0.007,relaxed
0.637,125.198,1,2,0.103,1.0,0.864,0.403,0.412,0.442,0.394,0.407,0.422,0.522,0.5,0.591,0.242,relaxed
0.182,114.323,1,6,0.1,0.35,0.303,0.333,0.449,0.715,1.0,0.863,0.546,0.42,0.515,0.385,0.223,relaxed
0.726,146.449,1,9,0.426,1.0,0.897,0.193,0.155,0.157,0.223,0.261,0.27,0.268,0.217,0.19,0.283,angry
0.817,153.755,0,7,0.314,1.0,0.899,0.534,0.584,0.544,0.529,0.589,0.54,0.562,0.569,0.457,0.235,sad
0.58,123.542,1,1,0.83,1.0,0.491,0.461,0.461,0.311,0.31,0.341,0.34,0.193,0.194,0.5,0.436,relaxed
0.913,143.849,1,9,0.559,0.162,0.247,0.67,0.576,0.274,0.4,0.547,0.208,0.15,0.138,0.677,1.0,happy
0.866,94.98,0,9,0.3,0.204,0.16,0.153,0.221,1.0,0.208,0.249,0.335,0.416,0.314,0.297,0.38,sad
0.944,133.652,0,4,0.271,0.749,1.0,0.179,0.165,0.187,0.271,0.189,0.16,0.245,0.271,0.241,0.215,sad
0.94,139.032,1,2,0.366,0.111,0.146,0.713,0.135,1.0,0.104,0.084,0.077,0.079,0.091,0.043,0.034,angry
0.755,110.464,0,9,0.937,0.175,0.146,0.073,0.088,0.626,0.159,0.1,0.083,0.265,1.0,0.651,0.604,happy
0.952,125.303,1,6,0.624,1.0,0.727,0.502,0.579,0.315,0.481,0.637,0.525,0.303,0.292,0.825,0.962,happy
0.604,99.071,1,1,0.416,0.812,0.561,0.27,0.321,0.154,0.782,0.674,0.059,0.23,0.135,0.665,1.0,angry
0.866,137.808,0,11,0.668,0.795,0.97,0.934,0.618,1.0,0.799,0.552,0.574,0.492,0.423,0.452,0.803,happy
0.605,148.057,1,5,0.382,0.867,0.252,0.031,0.029,0.042,0.045,0.078,0.07,0.463,0.467,1.0,0.028,sad
0.0858,119.199,1,2,0.341,0.808,0.45,0.165,0.281,0.294,0.376,0.356,0.241,0.314,0.605,0.837,1.0,relaxed
0.695,144.021,1,4,0.963,0.803,0.937,0.642,0.672,0.609,0.835,1.0,0.859,0.778,0.717,0.612,0.744,happy
0.754,183.72,1,10,0.962,0.171,0.201,0.255,1.0,0.287,0.112,0.121,0.244,0.099,0.15,0.37,0.1,happy
0.897,170.962,0,5,0.976,1.0,0.94,0.86,0.763,0.751,0.649,0.571,0.496,0.484,0.528,0.636,0.727,happy
0.877,111.0,1,0,0.794,0.891,0.769,0.699,0.576,0.588,0.82,1.0,0.87,0.788,0.693,0.76,0.767,happy
0.833,88.785,1,7,0.661,0.978,1.0,0.401,0.448,0.531,0.571,0.671,0.633,0.683,0.624,0.679,0.027,angry
0.346,113.578,1,11,0.144,0.173,0.132,0.583,0.137,0.144,0.58,0.23,0.157,0.157,0.533,1.0,0.312,sad
0.385,143.785,1,11,0.325,0.892,0.983,0.894,0.846,0.837,0.892,0.84,0.859,0.957,0.873,0.891,1.0,relaxed
0.95,182.532,0,4,0.331,0.653,1.0,0.494,0.408,0.318,0.361,0.396,0.343,0.388,0.18,0.159,0.409,angry
0.336,152.405,1,9,0.327,1.0,0.761,0.639,0.449,0.364,0.456,0.52,0.454,0.544,0.602,0.84,0.961,relaxed
0.644,71.523,1,0,0.421,1.0,0.183,0.041,0.017,0.372,0.053,0.013,0.044,0.016,0.034,0.013,0.269,sad
0.0425,118.307,1,2,0.0398,0.228,0.26,0.272,0.214,0.206,0.159,0.117,1.0,0.434,0.219,0.134,0.119,sad
0.996,172.036,0,11,0.182,0.216,0.188,0.223,0.305,0.184,0.154,0.161,0.138,1.0,0.371,0.196,0.145,angry
0.58,145.563,1,9,0.494,1.0,0.472,0.426,0.433,0.19,0.193,0.143,0.137,0.118,0.116,0.088,0.078,angry
0.901,104.002,0,1,0.837,0.269,0.144,0.135,0.161,0.152,0.164,0.314,0.207,0.15,0.185,0.259,1.0,happy
0.946,117.339,1,9,0.82,0.874,0.614,1.0,0.644,0.556,0.821,0.548,0.52,0.616,0.764,0.535,0.527,angry
0.0289,83.281,1,0,0.0643,0.567,1.0,0.721,0.733,0.716,0.734,0.706,0.711,0.714,0.714,0.28,0.317,sad
0.912,190.037,0,9,0.394,0.995,1.0,0.49,0.502,0.398,0.525,0.373,0.421,0.613,0.591,0.515,0.927,happy
0.135,143.891,1,0,0.119,0.372,0.49,0.486,0.468,0.8,0.797,0.99,1.0,0.875,0.87,0.549,0.012,relaxed
0.535,82.193,0,0,0.564,0.829,0.711,0.587,0.546,0.791,0.902,0.95,0.692,0.921,1.0,0.846,0.915,relaxed
0.703,94.828,0,11,0.241,1.0,0.858,0.686,0.747,0.504,0.337,0.545,0.445,0.246,0.255,0.557,0.756,angry
0.343,158.878,1,6,0.152,0.044,1.0,0.026,0.014,0.011,0.057,0.012,0.013,0.129,0.011,0.011,0.014,relaxed
0.785,94.211,0,8,0.965,0.124,0.074,0.528,1.0,0.115,0.151,0.159,0.149,0.041,0.198,0.485,0.067,angry
0.709,114.966,0,7,0.566,1.0,1.0,1.0,1.0,1.0,1.0,1.0,1.0,1.0,1.0,1.0,1.0,happy
0.783,105.39,1,6,0.813,1.0,1.0,1.0,1.0,1.0,1.0,1.0,1.0,1.0,1.0,1.0,1.0,happy
0.982,132.984,1,0,0.145,1.0,0.423,0.2,0.253,0.387,0.879,0.643,0.235,0.257,0.241,0.113,0.403,angry
0.0308,164.128,1,0,0.043,1.0,0.682,0.465,0.2,0.236,0.224,0.163,0.219,0.118,0.243,0.432,0.501,relaxed
0.674,125.009,0,8,0.875,0.482,1.0,0.398,0.127,0.196,0.208,0.113,0.073,0.059,0.071,0.061,0.414,angry
0.999,139.029,0,10,0.89,0.721,0.368,0.332,0.635,0.751,0.432,0.676,0.607,0.891,0.856,1.0,0.713,happy
0.372,79.705,1,0,0.553,1.0,1.0,1.0,1.0,1.0,1.0,1.0,1.0,1.0,1.0,1.0,1.0,relaxed
0.865,118.434,0,9,0.55,0.299,0.269,0.225,0.285,0.694,0.523,0.83,1.0,0.82,0.607,0.426,0.447,angry
0.719,72.532,0,10,0.524,0.823,0.358,0.064,0.044,0.035,0.094,0.284,0.211,0.676,0.678,1.0,0.014,angry
0.717,97.521,1,0,0.808,1.0,0.392,0.077,0.048,0.158,0.248,0.807,0.765,0.979,0.951,0.862,0.152,happy
0.838,106.011,0,10,0.448,0.474,0.175,0.066,0.048,0.039,0.042,0.038,0.044,0.066,0.026,0.034,1.0,angry
0.902,134.164,0,11,0.887,1.0,0.365,0.158,0.195,0.322,0.648,0.402,0.046,0.063,0.158,0.585,0.999,sad
0.844,90.852,1,4,0.511,0.951,1.0,0.574,0.536,0.474,0.46,0.402,0.344,0.337,0.285,0.269,0.493,relaxed
0.408,86.855,1,1,0.688,0.531,1.0,0.839,0.834,0.293,0.29,0.064,0.063,0.055,0.057,0.432,0.429,relaxed
0.79,124.082,0,6,0.805,1.0,0.97,0.607,0.526,0.48,0.475,0.491,0.522,0.549,0.478,0.461,0.755,relaxed
0.699,120.956,1,5,0.385,1.0,0.913,0.357,0.411,0.363,0.343,0.312,0.314,0.168,0.148,0.331,0.174,happy
0.333,103.911,1,2,0.485,0.722,1.0,0.908,0.865,0.878,0.839,0.296,0.321,0.603,0.648,0.378,0.223,relaxed
0.996,130.931,1,2,0.0601,0.393,1.0,0.468,0.481,0.243,0.539,0.502,0.274,0.431,0.634,0.343,0.52,angry
0.967,177.041,1,9,0.416,0.946,1.0,0.927,0.898,0.743,0.762,0.931,0.913,0.453,0.466,0.888,0.795,angry
0.545,54.669,0,4,0.438,0.658,0.875,1.0,0.939,0.687,0.617,0.604,0.615,0.612,0.491,0.429,0.312,sad
0.682,150.108,1,2,0.646,0.14,0.057,0.065,0.023,0.025,0.029,0.085,1.0,0.12,0.023,0.018,0.079,angry
0.589,128.042,0,7,0.172,0.175,0.036,0.241,0.273,0.109,0.099,0.036,0.043,0.032,0.028,0.133,1.0,sad
0.891,88.936,0,1,0.427,0.953,1.0,0.802,0.697,0.529,0.581,0.595,0.69,0.821,0.764,0.76,0.931,angry
0.692,100.017,0,4,0.481,0.169,0.2,0.114,0.083,0.107,0.217,0.205,0.062,0.074,0.062,0.929,1.0,relaxed
0.628,56.225,1,4,0.427,1.0,0.735,0.457,0.37,0.431,0.392,0.302,0.23,0.263,0.282,0.255,0.865,happy
0.474,116.926,1,4,0.235,1.0,1.0,1.0,1.0,1.0,1.0,1.0,1.0,1.0,1.0,1.0,1.0,relaxed
0.337,174.368,1,10,0.0371,0.293,0.128,0.112,0.075,0.058,0.139,0.407,1.0,0.101,0.051,0.062,0.556,sad
0.862,159.989,1,9,0.971,0.298,0.452,0.452,0.662,1.0,0.764,0.304,0.182,0.214,0.278,0.162,0.208,happy
0.811,114.961,0,6,0.901,1.0,0.901,0.199,0.273,0.292,0.257,0.266,0.211,0.262,0.273,0.286,0.265,happy
0.61,97.029,1,0,0.508,1.0,0.994,0.34,0.359,0.344,0.292,0.239,0.306,0.363,0.329,0.322,0.326,relaxed
0.906,125.918,0,9,0.595,1.0,0.111,0.084,0.086,0.091,0.096,0.149,0.15,0.135,0.135,0.099,0.081,happy
0.875,121.246,0,9,0.272,1.0,0.889,0.199,0.166,0.138,0.136,0.146,0.143,0.134,0.127,0.142,0.27,sad
0.409,105.172,1,7,0.544,1.0,1.0,0.641,0.61,0.593,0.594,0.582,0.564,0.553,0.532,0.521,0.302,sad
0.922,129.833,1,1,0.378,1.0,0.159,0.017,0.041,0.031,0.829,0.264,0.073,0.581,0.059,0.01,0.015,angry
0.957,104.683,0,8,0.141,1.0,0.776,0.244,0.156,0.132,0.12,0.127,0.085,0.07,0.107,0.167,0.612,angry
0.705,176.732,1,2,0.822,0.209,0.369,1.0,0.469,0.221,0.195,0.243,0.367,0.307,0.148,0.17,0.236,angry
0.143,127.184,1,7,0.0691,0.652,0.985,1.0,1.0,0.863,0.85,0.744,0.74,0.653,0.671,0.298,0.039,relaxed
0.831,120.964,1,2,0.286,0.889,1.0,0.559,0.545,0.612,0.945,0.623,0.588,0.759,0.925,0.977,0.49,angry
0.687,127.998,0,11,0.717,0.796,0.909,0.769,0.848,0.898,1.0,0.766,0.432,0.699,0.503,0.368,0.95,happy
0.996,109.882,0,10,0.0883,0.454,0.675,0.683,0.626,0.944,0.78,1.0,0.8,0.793,0.87,0.831,0.416,angry
0.889,126.201,0,7,0.886,0.956,1.0,0.485,0.375,0.272,0.167,0.107,0.087,0.115,0.176,0.182,0.564,happy
0.897,126.006,1,6,0.413,1.0,0.944,0.498,0.694,0.391,0.617,0.563,0.686,0.661,0.709,0.686,0.52,happy
0.669,133.028,1,10,0.857,0.954,1.0,0.459,0.393,0.329,0.23,0.181,0.161,0.175,0.156,0.147,0.425,happy
0.296,180.756,1,5,0.384,1.0,0.922,0.67,0.658,0.77,0.774,0.576,0.568,0.566,0.555,0.29,0.103,sad
0.895,139.902,1,6,0.813,0.667,0.917,0.57,0.396,0.376,0.756,0.811,0.268,0.715,0.676,1.0,0.417,happy
0.994,102.021,1,0,0.0391,1.0,0.873,0.352,0.3,0.265,0.291,0.322,0.319,0.314,0.266,0.224,0.459,angry
0.727,165.85,1,8,0.115,0.837,0.986,1.0,0.845,0.714,0.614,0.515,0.421,0.316,0.293,0.379,0.564,sad
0.83,124.051,0,10,0.187,0.139,0.148,0.134,0.145,0.305,1.0,0.169,0.135,0.151,0.159,0.153,0.139,sad
0.998,149.012,0,6,0.32,0.458,0.595,1.0,0.509,0.339,0.748,0.658,0.371,0.716,0.827,0.462,0.24,angry
0.386,110.766,1,9,0.358,1.0,0.811,0.737,0.748,0.574,0.561,0.513,0.512,0.635,0.652,0.541,0.497,relaxed
0.827,98.594,1,0,0.379,0.849,0.806,0.405,0.393,0.71,0.724,1.0,0.986,0.589,0.543,0.414,0.12,happy
0.988,184.999,1,8,0.489,1.0,0.566,0.141,0.14,0.085,0.054,0.093,0.187,0.149,0.118,0.383,0.271,angry
0.446,97.856,0,8,0.272,0.938,1.0,0.622,0.595,0.667,0.672,0.687,0.687,0.612,0.611,0.504,0.159,relaxed
0.848,109.942,0,5,0.722,1.0,1.0,1.0,1.0,1.0,1.0,1.0,1.0,1.0,1.0,1.0,1.0,relaxed
0.534,91.984,0,9,0.0333,1.0,0.871,0.114,0.118,0.142,0.263,0.223,0.118,0.052,0.043,0.042,0.12,sad
0.381,116.495,0,7,0.0739,0.878,0.889,0.512,0.583,0.744,1.0,0.883,0.687,0.617,0.347,0.271,0.38,sad
0.903,108.114,1,4,0.872,1.0,0.893,0.834,0.669,0.561,0.536,0.498,0.442,0.358,0.293,0.272,0.336,happy
0.516,133.999,1,0,0.562,0.572,0.706,1.0,0.713,0.542,0.594,0.446,0.541,0.363,0.272,0.461,0.455,sad
0.727,148.049,0,0,0.7,0.22,0.142,0.156,0.145,0.207,1.0,0.31,0.202,0.14,0.196,0.156,0.095,angry
0.264,116.111,0,9,0.0701,1.0,1.0,1.0,1.0,1.0,1.0,1.0,1.0,1.0,1.0,1.0,1.0,sad
0.776,112.04,1,6,0.367,1.0,0.684,0.256,0.234,0.112,0.224,0.185,0.132,0.163,0.088,0.084,0.149,sad
0.982,121.895,1,4,0.48,1.0,0.594,0.204,0.193,0.178,0.388,0.493,0.349,0.735,0.583,0.832,0.383,angry
0.707,99.924,1,5,0.0325,0.796,0.643,0.57,0.578,0.655,0.564,0.514,0.697,1.0,0.923,0.914,0.671,relaxed
0.963,137.252,1,0,0.503,0.359,0.44,0.51,0.473,0.584,0.558,1.0,0.998,0.78,0.782,0.163,0.089,angry
0.199,86.596,0,0,0.555,0.756,0.65,0.554,0.539,0.607,0.812,0.887,0.928,1.0,0.953,0.777,0.566,sad
0.327,124.119,1,2,0.125,0.289,0.235,0.262,0.421,0.83,0.628,0.713,1.0,0.985,0.639,0.434,0.38,relaxed
0.696,172.45,1,2,0.372,1.0,0.785,0.409,0.324,0.13,0.171,0.278,0.223,0.324,0.353,0.502,0.184,sad
0.935,134.925,1,9,0.362,0.487,0.371,0.204,0.192,0.163,0.221,0.546,1.0,0.949,0.381,0.246,0.191,happy
0.0766,149.591,0,9,0.278,0.277,0.054,0.024,0.012,0.1,1.0,0.067,0.328,0.017,0.022,0.015,0.029,sad
0.585,126.1,1,9,0.75,1.0,0.956,0.913,0.803,0.765,0.756,0.749,0.751,0.793,0.793,0.793,0.741,relaxed
0.935,92.717,1,2,0.478,0.764,0.525,0.218,0.258,0.332,0.17,0.393,0.081,0.237,0.409,0.269,1.0,angry
0.506,92.396,1,3,0.297,1.0,0.948,0.589,0.57,0.55,0.553,0.53,0.54,0.536,0.532,0.506,0.184,sad
0.68,85.519,1,1,0.815,1.0,0.815,0.405,0.728,0.699,0.826,0.706,0.788,0.598,0.652,0.7,0.77,happy
0.39,138.551,1,7,0.322,0.962,0.958,1.0,0.957,0.795,0.705,0.375,0.372,0.227,0.157,0.117,0.108,relaxed
0.511,106.491,1,1,0.559,0.62,0.436,0.282,0.562,0.528,1.0,0.957,0.445,0.466,0.572,0.469,0.694,happy
0.53,92.912,0,11,0.6,0.103,0.053,0.071,0.054,0.049,0.21,0.201,0.051,0.045,0.071,0.997,1.0,relaxed
0.804,91.938,1,6,0.765,0.968,0.672,0.331,0.443,0.518,0.587,0.467,0.498,0.383,0.358,0.519,1.0,angry
0.318,89.005,0,2,0.71,0.939,1.0,0.444,0.386,0.302,0.246,0.206,0.162,0.118,0.075,0.05,0.417,relaxed
0.652,125.916,0,8,0.113,0.486,0.159,0.215,0.636,0.251,0.24,0.323,0.457,1.0,0.256,0.273,0.259,sad
0.927,197.708,1,7,0.5,1.0,0.676,0.492,0.491,0.484,0.501,0.737,0.726,0.72,0.711,0.489,0.317,angry
0.885,75.192,1,1,0.628,1.0,0.949,0.535,0.665,0.407,0.437,0.688,0.633,0.866,0.811,0.949,0.264,relaxed
0.505,152.925,1,4,0.598,0.882,0.811,0.839,0.902,1.0,0.884,0.825,0.909,0.985,0.965,0.772,0.876,relaxed
0.926,117.905,1,4,0.0964,1.0,0.631,0.459,0.441,0.358,0.354,0.416,0.415,0.394,0.364,0.35,0.393,angry
0.516,127.498,1,9,0.633,0.045,0.02,0.025,0.01,0.037,0.076,0.557,1.0,0.683,0.201,0.154,0.068,happy
0.26,95.354,1,1,0.164,0.787,0.986,1.0,0.767,0.865,0.902,1.0,0.97,0.784,0.966,0.919,0.903,relaxed
0.889,140.135,1,2,0.708,0.055,0.036,0.073,0.035,0.026,0.077,0.081,0.031,0.026,0.082,1.0,0.976,sad
0.853,148.419,1,6,0.544,0.976,1.0,0.622,0.591,0.513,0.468,0.435,0.428,0.427,0.41,0.367,0.516,happy
0.0483,136.752,1,9,0.0685,0.017,0.259,0.029,0.016,0.151,0.02,0.008,0.011,0.163,1.0,0.18,0.017,relaxed
0.509,98.345,1,7,0.335,0.412,1.0,0.246,0.131,0.077,0.091,0.217,0.097,0.033,0.081,0.058,0.102,relaxed
0.953,95.826,1,8,0.325,0.991,0.552,0.435,0.354,0.526,0.486,0.861,0.883,0.961,1.0,0.737,0.262,angry
0.852,143.248,1,10,0.663,0.995,1.0,0.981,0.86,0.686,0.53,0.383,0.275,0.336,0.417,0.488,0.416,happy
0.974,106.281,1,8,0.527,1.0,0.995,0.959,0.858,0.784,0.795,0.77,0.729,0.697,0.595,0.564,0.533,angry
0.603,78.556,1,10,0.938,0.258,0.138,0.076,0.096,0.092,0.147,0.124,0.11,0.065,0.13,1.0,0.952,happy
0.92,146.944,1,7,0.21,0.769,0.659,0.944,0.867,0.739,0.841,0.725,0.74,0.654,0.945,1.0,0.793,angry
0.593,62.757,0,0,0.176,1.0,0.956,0.161,0.157,0.154,0.172,0.147,0.06,0.082,0.064,0.056,0.085,sad
0.987,115.218,1,1,0.412,0.487,1.0,0.56,0.373,0.296,0.741,0.892,0.587,0.588,0.45,0.905,0.391,angry
0.947,128.556,1,7,0.0772,1.0,0.008,0.019,0.014,0.134,0.005,0.015,0.542,0.013,0.017,0.029,0.007,angry
0.491,144.287,1,2,0.435,0.628,0.887,0.81,0.672,0.802,0.864,0.843,1.0,0.981,0.763,0.875,0.763,relaxed
0.199,88.669,1,9,0.217,1.0,0.8,0.15,0.045,0.063,0.031,0.024,0.173,0.081,0.217,0.039,0.083,relaxed
0.541,93.67,0,10,0.841,0.513,0.444,0.345,0.469,0.714,1.0,0.801,0.82,0.687,0.453,0.408,0.453,relaxed
0.317,136.799,0,10,0.367,0.251,0.576,0.374,0.393,0.806,1.0,0.657,0.602,0.17,0.17,0.187,0.138,relaxed
0.842,90.003,1,6,0.41,0.515,0.627,0.125,0.092,0.112,0.318,0.317,0.147,0.164,0.114,0.648,1.0,angry
0.908,167.629,1,7,0.621,1.0,0.777,0.156,0.145,0.142,0.105,0.101,0.216,0.161,0.056,0.072,0.157,happy
0.693,156.375,0,3,0.159,1.0,0.891,0.17,0.181,0.175,0.118,0.095,0.1,0.053,0.065,0.119,0.184,sad
0.98,109.988,1,1,0.304,0.27,0.253,0.37,0.433,0.471,0.511,1.0,0.19,0.295,0.407,0.211,0.216,happy
0.738,82.033,1,8,0.255,0.02,0.012,0.017,0.022,0.015,0.017,0.031,0.083,1.0,0.036,0.016,0.011,relaxed
0.732,127.617,1,0,0.781,0.09,0.076,0.375,0.921,0.42,0.284,0.131,0.058,0.079,0.062,0.925,1.0,happy
0.259,89.926,0,8,0.257,1.0,0.994,0.55,0.473,0.319,0.282,0.654,0.663,0.867,0.862,0.788,0.225,sad
0.379,119.609,1,0,0.377,1.0,0.896,0.43,0.436,0.466,0.456,0.5,0.503,0.551,0.551,0.581,0.127,relaxed
0.248,144.819,1,9,0.188,1.0,1.0,1.0,1.0,1.0,1.0,1.0,1.0,1.0,1.0,1.0,1.0,relaxed
0.357,129.242,1,1,0.477,1.0,1.0,1.0,1.0,1.0,1.0,1.0,1.0,1.0,1.0,1.0,1.0,sad
0.608,95.038,1,3,0.537,0.974,1.0,0.385,0.348,0.315,0.312,0.305,0.277,0.244,0.19,0.166,0.36,sad
0.323,165.511,1,4,0.131,1.0,1.0,1.0,1.0,1.0,1.0,1.0,1.0,1.0,1.0,1.0,1.0,relaxed
0.974,111.209,0,5,0.061,0.831,1.0,0.931,0.897,0.811,0.799,0.724,0.73,0.627,0.619,0.563,0.552,angry
0.458,116.338,0,11,0.177,0.974,1.0,0.434,0.414,0.399,0.444,0.44,0.422,0.401,0.336,0.318,0.46,sad
0.0816,83.438,1,9,0.361,0.591,0.647,0.686,1.0,0.604,0.55,0.371,0.415,0.362,0.448,0.405,0.478,sad
0.847,91.449,1,11,0.832,0.983,1.0,0.764,0.744,0.505,0.563,0.684,0.667,0.626,0.63,0.339,0.239,angry
0.709,122.394,0,1,0.948,0.567,0.606,0.61,0.678,0.758,0.824,0.902,0.877,0.997,0.948,1.0,0.968,happy
0.399,92.055,1,7,0.437,0.204,0.964,0.186,0.1,0.119,0.382,0.173,0.101,1.0,0.229,0.166,0.215,angry
0.551,93.111,0,6,0.622,0.422,0.373,0.326,0.47,1.0,0.474,0.246,0.182,0.173,0.183,0.243,0.568,relaxed
0.721,109.806,0,10,0.594,1.0,0.302,0.261,0.289,0.231,0.223,0.244,0.266,0.863,0.373,0.861,0.679,angry
0.464,109.374,1,11,0.872,1.0,0.986,0.341,0.331,0.294,0.312,0.305,0.245,0.246,0.261,0.277,0.366,happy
0.897,110.289,1,2,0.777,0.964,1.0,0.395,0.344,0.31,0.329,0.321,0.308,0.273,0.197,0.153,0.517,happy
0.311,60.233,1,6,0.203,1.0,0.896,0.849,0.875,0.838,0.825,0.719,0.75,0.599,0.566,0.333,0.094,sad
0.691,92.996,1,7,0.922,0.95,0.562,0.389,0.191,0.29,0.251,0.39,0.197,0.278,0.163,0.411,1.0,angry
0.927,172.97,0,11,0.708,0.907,0.435,0.344,0.279,0.118,0.102,0.344,0.323,0.836,0.819,1.0,0.137,happy
0.404,115.261,1,2,0.154,0.114,0.072,0.103,0.077,0.061,0.151,0.136,0.137,0.079,0.132,0.947,1.0,relaxed
0.864,96.941,1,1,0.853,1.0,0.869,0.599,0.427,0.268,0.23,0.331,0.345,0.172,0.24,0.331,0.996,relaxed
0.0102,86.456,1,7,0.143,1.0,0.049,0.021,0.013,0.411,0.099,0.023,0.153,0.05,0.013,0.023,0.148,relaxed
0.194,113.049,1,7,0.143,0.848,1.0,0.885,0.677,0.661,0.501,0.565,0.939,0.407,0.159,0.267,0.415,sad
0.703,74.961,1,6,0.299,0.924,0.641,0.266,0.25,0.459,0.741,0.947,0.682,0.905,0.883,1.0,0.432,angry
0.234,112.262,1,2,0.28,0.426,0.524,0.399,0.388,0.684,0.684,0.999,1.0,0.948,0.943,0.429,0.167,sad
0.171,115.704,0,10,0.481,0.147,0.071,0.064,0.034,0.016,0.122,0.12,0.038,0.013,0.016,0.159,1.0,relaxed
0.821,147.288,1,7,0.793,0.449,0.295,1.0,0.551,0.117,0.106,0.076,0.307,0.255,0.118,0.073,0.415,angry
0.35,82.288,1,11,0.264,1.0,1.0,1.0,1.0,1.0,1.0,1.0,1.0,1.0,1.0,1.0,1.0,sad
0.123,84.661,1,1,0.163,0.296,0.852,0.745,0.7,1.0,0.988,0.663,0.675,0.169,0.146,0.186,0.147,relaxed
0.68,132.449,1,0,0.816,0.845,1.0,0.934,0.842,0.752,0.925,0.874,0.953,0.731,0.828,0.634,0.534,happy
0.173,148.125,1,1,0.301,0.799,1.0,0.695,0.702,0.598,0.587,0.339,0.326,0.34,0.32,0.427,0.081,relaxed
0.373,93.004,0,2,0.187,0.961,1.0,0.671,0.615,0.494,0.444,0.443,0.439,0.439,0.411,0.385,0.537,relaxed
0.616,110.996,1,2,0.845,0.944,1.0,0.785,0.802,0.915,0.955,0.844,0.751,0.71,0.636,0.609,0.725,relaxed
0.502,126.094,1,2,0.363,0.303,1.0,0.25,0.194,0.271,0.14,0.253,0.39,0.214,0.232,0.115,0.117,sad
0.778,113.069,1,9,0.728,1.0,0.883,0.833,0.832,0.655,0.659,0.456,0.45,0.264,0.267,0.145,0.023,relaxed
0.681,135.975,1,7,0.416,1.0,0.835,0.369,0.272,0.306,0.316,0.482,0.53,0.624,0.661,0.678,0.183,relaxed
0.978,124.384,1,3,0.113,1.0,0.931,0.345,0.37,0.426,0.4,0.368,0.365,0.34,0.378,0.361,0.585,angry
0.836,120.003,1,10,0.519,0.986,1.0,0.908,0.826,0.755,0.883,0.851,0.732,0.643,0.749,0.765,0.709,happy
0.714,120.83,1,6,0.496,0.581,1.0,0.56,0.191,0.115,0.159,0.133,0.213,0.399,0.233,0.273,0.245,happy
0.0483,125.465,1,6,0.184,0.585,0.689,0.463,0.466,0.329,0.221,0.344,0.456,1.0,0.688,0.403,0.414,relaxed
0.488,91.025,1,1,0.791,0.52,0.375,0.465,0.482,0.359,0.38,0.516,0.442,0.383,0.612,0.57,1.0,happy
0.0789,110.032,1,8,0.164,0.714,0.764,0.858,0.889,0.938,1.0,0.93,0.797,0.742,0.653,0.604,0.526,relaxed
0.75,118.015,0,11,0.927,1.0,0.839,0.603,0.651,0.395,0.374,0.414,0.397,0.61,0.598,0.887,0.451,happy
0.895,117.049,1,0,0.855,0.346,0.312,0.331,0.326,0.497,1.0,0.899,0.278,0.183,0.368,0.854,0.72,happy
0.779,110.722,1,7,0.62,0.185,0.322,0.15,0.314,0.158,0.541,0.872,0.453,1.0,0.655,0.358,0.202,angry
0.957,105.755,0,11,0.543,0.959,0.603,0.174,0.134,0.052,0.037,0.266,0.269,0.743,0.711,1.0,0.05,angry
0.384,109.836,0,2,0.157,0.171,0.158,0.151,0.153,0.46,1.0,0.286,0.163,0.152,0.165,0.153,0.134,sad
0.464,144.222,1,7,0.148,1.0,0.088,0.04,0.024,0.214,0.035,0.021,0.192,0.057,0.053,0.068,0.113,sad
0.964,92.541,0,6,0.429,0.999,1.0,0.529,0.479,0.444,0.453,0.448,0.436,0.436,0.399,0.388,0.575,angry
0.75,91.309,0,4,0.508,0.933,1.0,0.701,0.638,0.536,0.532,0.345,0.342,0.397,0.457,0.594,0.08,sad
0.816,158.443,1,11,0.542,0.737,1.0,0.964,0.964,0.927,0.957,0.738,0.645,0.453,0.468,0.224,0.291,happy
0.572,141.717,1,11,0.412,1.0,0.928,0.623,0.52,0.521,0.634,0.741,0.643,0.536,0.447,0.519,0.453,sad
0.846,144.993,1,2,0.859,1.0,0.989,0.302,0.2,0.156,0.143,0.138,0.163,0.167,0.135,0.096,0.399,relaxed
0.496,119.663,1,0,0.193,0.015,0.014,0.026,0.061,1.0,0.055,0.022,0.011,0.103,0.011,0.016,0.195,sad
0.586,77.904,1,10,0.25,1.0,0.962,0.565,0.535,0.364,0.319,0.202,0.211,0.324,0.275,0.384,0.116,sad
0.848,92.172,0,11,0.162,0.363,0.27,0.311,0.212,0.153,0.272,0.224,0.206,0.097,0.058,0.079,1.0,angry
0.353,148.889,1,2,0.185,0.778,0.833,0.835,0.822,0.844,0.908,0.97,0.895,0.929,0.99,1.0,0.953,sad
0.791,90.062,0,4,0.367,0.382,0.515,0.488,0.284,0.468,0.471,0.939,0.968,0.999,1.0,0.591,0.191,sad
0.982,100.74,0,1,0.372,0.837,0.876,0.815,0.819,0.717,0.615,0.972,0.994,1.0,0.992,0.717,0.641,angry
0.58,123.542,1,1,0.83,1.0,0.491,0.461,0.461,0.311,0.31,0.341,0.34,0.193,0.194,0.5,0.436,relaxed
0.443,182.07,0,8,0.333,1.0,0.906,0.702,0.645,0.609,0.553,0.559,0.489,0.678,0.538,0.682,0.637,sad
0.924,80.193,1,9,0.476,1.0,0.91,0.753,0.639,0.602,0.587,0.596,0.622,0.65,0.717,0.703,0.651,angry
0.933,153.993,1,5,0.497,0.743,0.509,0.378,0.261,0.149,0.225,0.253,0.132,0.167,0.223,0.24,1.0,angry
0.686,125.373,1,8,0.57,0.911,1.0,0.521,0.47,0.445,0.408,0.401,0.372,0.384,0.326,0.358,0.433,relaxed
0.159,139.707,1,3,0.123,0.437,0.145,0.182,0.136,0.156,0.197,0.176,0.174,0.142,0.348,0.978,1.0,relaxed
0.452,106.662,1,2,0.691,1.0,0.683,0.681,0.614,0.563,0.599,0.474,0.484,0.422,0.393,0.412,0.365,relaxed
0.562,127.452,0,0,0.476,0.346,0.31,0.295,0.192,0.141,0.208,0.281,0.133,0.146,0.251,0.268,1.0,sad
0.276,116.881,1,9,0.45,1.0,0.983,0.404,0.28,0.187,0.122,0.136,0.197,0.263,0.276,0.251,0.534,sad
